episode,trial_id,stimCat,stimId,stimImage,imagePath,bkSwProb,itSwProb,trialType,task,color,colorPath,response,sbjResp,sbjCorr,sbjRT
High,1,LivLg,5,LL__10,./image/LL__10.jpg,75,100,switch,size,red,./image/color/red.jpg,v,,,
High,2,LivLg,7,LL__29,./image/LL__29.jpg,75,50,switch,animacy,blue,./image/color/blue.jpg,n,,,
High,3,LivLg,7,LL__29,./image/LL__29.jpg,75,50,switch,size,red,./image/color/red.jpg,v,,,
High,4,NLvSm,33,NS__43,./image/NS__43.jpg,75,50,repeat,size,red,./image/color/red.jpg,n,,,
High,5,LivLg,5,LL__10,./image/LL__10.jpg,75,100,switch,animacy,blue,./image/color/blue.jpg,n,,,
High,6,NLvSm,32,NS__4,./image/NS__4.jpg,75,75,switch,size,red,./image/color/red.jpg,n,,,
High,7,LivLg,7,LL__29,./image/LL__29.jpg,75,50,repeat,size,red,./image/color/red.jpg,v,,,
High,8,LivLg,7,LL__29,./image/LL__29.jpg,75,50,switch,animacy,blue,./image/color/blue.jpg,n,,,
High,9,LivLg,7,LL__29,./image/LL__29.jpg,75,50,switch,size,red,./image/color/red.jpg,v,,,
High,10,LivLg,9,LL__24,./image/LL__24.jpg,75,75,switch,animacy,blue,./image/color/blue.jpg,n,,,
High,11,NLvSm,34,NS__50,./image/NS__50.jpg,75,100,switch,size,red,./image/color/red.jpg,n,,,
High,12,LivLg,7,LL__29,./image/LL__29.jpg,75,50,repeat,size,red,./image/color/red.jpg,v,,,
High,13,LivLg,5,LL__10,./image/LL__10.jpg,75,100,switch,animacy,blue,./image/color/blue.jpg,n,,,
High,14,LivLg,5,LL__10,./image/LL__10.jpg,75,100,switch,size,red,./image/color/red.jpg,v,,,
High,15,LivLg,9,LL__24,./image/LL__24.jpg,75,75,switch,animacy,blue,./image/color/blue.jpg,n,,,
High,16,NLvSm,32,NS__4,./image/NS__4.jpg,75,75,switch,size,red,./image/color/red.jpg,n,,,
High,17,LivLg,7,LL__29,./image/LL__29.jpg,75,50,repeat,size,red,./image/color/red.jpg,v,,,
High,18,LivLg,7,LL__29,./image/LL__29.jpg,75,50,repeat,size,red,./image/color/red.jpg,v,,,
High,19,NLvSm,34,NS__50,./image/NS__50.jpg,75,100,switch,animacy,blue,./image/color/blue.jpg,v,,,
High,20,NLvSm,33,NS__43,./image/NS__43.jpg,75,50,switch,size,red,./image/color/red.jpg,n,,,
High,21,LivLg,5,LL__10,./image/LL__10.jpg,75,100,switch,animacy,blue,./image/color/blue.jpg,n,,,
High,22,NLvSm,32,NS__4,./image/NS__4.jpg,75,75,switch,size,red,./image/color/red.jpg,n,,,
High,23,LivLg,5,LL__10,./image/LL__10.jpg,75,100,switch,animacy,blue,./image/color/blue.jpg,n,,,
High,24,NLvSm,34,NS__50,./image/NS__50.jpg,75,100,switch,size,red,./image/color/red.jpg,n,,,
High,25,NLvSm,33,NS__43,./image/NS__43.jpg,75,50,switch,animacy,blue,./image/color/blue.jpg,v,,,
High,26,NLvSm,34,NS__50,./image/NS__50.jpg,75,100,switch,size,red,./image/color/red.jpg,n,,,
High,27,NLvSm,33,NS__43,./image/NS__43.jpg,75,50,switch,animacy,blue,./image/color/blue.jpg,v,,,
High,28,LivLg,7,LL__29,./image/LL__29.jpg,75,50,switch,size,red,./image/color/red.jpg,v,,,
High,29,NLvSm,32,NS__4,./image/NS__4.jpg,75,75,switch,animacy,blue,./image/color/blue.jpg,v,,,
High,30,LivLg,9,LL__24,./image/LL__24.jpg,75,75,repeat,animacy,blue,./image/color/blue.jpg,n,,,
High,31,NLvSm,34,NS__50,./image/NS__50.jpg,75,100,switch,size,red,./image/color/red.jpg,n,,,
High,32,LivLg,9,LL__24,./image/LL__24.jpg,75,75,repeat,size,red,./image/color/red.jpg,v,,,
High,33,NLvSm,34,NS__50,./image/NS__50.jpg,75,100,switch,animacy,blue,./image/color/blue.jpg,v,,,
High,34,LivLg,5,LL__10,./image/LL__10.jpg,75,100,switch,size,red,./image/color/red.jpg,v,,,
High,35,LivLg,9,LL__24,./image/LL__24.jpg,75,75,switch,animacy,blue,./image/color/blue.jpg,n,,,
High,36,NLvSm,32,NS__4,./image/NS__4.jpg,75,75,switch,size,red,./image/color/red.jpg,n,,,
High,37,LivLg,5,LL__10,./image/LL__10.jpg,75,100,switch,animacy,blue,./image/color/blue.jpg,n,,,
High,38,LivLg,5,LL__10,./image/LL__10.jpg,75,100,switch,size,red,./image/color/red.jpg,v,,,
High,39,NLvSm,34,NS__50,./image/NS__50.jpg,75,100,switch,animacy,blue,./image/color/blue.jpg,v,,,
High,40,NLvSm,32,NS__4,./image/NS__4.jpg,75,75,switch,size,red,./image/color/red.jpg,n,,,
High,41,LivLg,7,LL__29,./image/LL__29.jpg,75,50,switch,animacy,blue,./image/color/blue.jpg,n,,,
High,42,LivLg,7,LL__29,./image/LL__29.jpg,75,50,repeat,animacy,blue,./image/color/blue.jpg,n,,,
High,43,LivLg,9,LL__24,./image/LL__24.jpg,75,75,switch,size,red,./image/color/red.jpg,v,,,
High,44,LivLg,9,LL__24,./image/LL__24.jpg,75,75,repeat,size,red,./image/color/red.jpg,v,,,
High,45,LivLg,5,LL__10,./image/LL__10.jpg,75,100,switch,animacy,blue,./image/color/blue.jpg,n,,,
High,46,NLvSm,33,NS__43,./image/NS__43.jpg,75,50,switch,size,red,./image/color/red.jpg,n,,,
High,47,NLvSm,34,NS__50,./image/NS__50.jpg,75,100,switch,animacy,blue,./image/color/blue.jpg,v,,,
High,48,NLvSm,32,NS__4,./image/NS__4.jpg,75,75,switch,size,red,./image/color/red.jpg,n,,,
High,49,NLvSm,32,NS__4,./image/NS__4.jpg,75,75,repeat,size,red,./image/color/red.jpg,n,,,
High,50,NLvSm,34,NS__50,./image/NS__50.jpg,75,100,switch,animacy,blue,./image/color/blue.jpg,v,,,
High,51,LivLg,5,LL__10,./image/LL__10.jpg,75,100,switch,size,red,./image/color/red.jpg,v,,,
High,52,NLvSm,32,NS__4,./image/NS__4.jpg,75,75,repeat,size,red,./image/color/red.jpg,n,,,
High,53,NLvSm,34,NS__50,./image/NS__50.jpg,75,100,switch,animacy,blue,./image/color/blue.jpg,v,,,
High,54,NLvSm,34,NS__50,./image/NS__50.jpg,75,100,switch,size,red,./image/color/red.jpg,n,,,
High,55,LivLg,9,LL__24,./image/LL__24.jpg,75,75,switch,animacy,blue,./image/color/blue.jpg,n,,,
High,56,LivLg,5,LL__10,./image/LL__10.jpg,75,100,switch,size,red,./image/color/red.jpg,v,,,
High,57,LivLg,7,LL__29,./image/LL__29.jpg,75,50,repeat,size,red,./image/color/red.jpg,v,,,
High,58,LivLg,5,LL__10,./image/LL__10.jpg,75,100,switch,animacy,blue,./image/color/blue.jpg,n,,,
High,59,LivLg,5,LL__10,./image/LL__10.jpg,75,100,switch,size,red,./image/color/red.jpg,v,,,
High,60,NLvSm,33,NS__43,./image/NS__43.jpg,75,50,switch,animacy,blue,./image/color/blue.jpg,v,,,
High,61,LivLg,9,LL__24,./image/LL__24.jpg,75,75,switch,size,red,./image/color/red.jpg,v,,,
High,62,LivLg,5,LL__10,./image/LL__10.jpg,75,100,switch,animacy,blue,./image/color/blue.jpg,n,,,
High,63,NLvSm,34,NS__50,./image/NS__50.jpg,75,100,switch,size,red,./image/color/red.jpg,n,,,
High,64,LivLg,7,LL__29,./image/LL__29.jpg,75,50,switch,animacy,blue,./image/color/blue.jpg,n,,,
High,65,LivLg,5,LL__10,./image/LL__10.jpg,75,100,switch,size,red,./image/color/red.jpg,v,,,
High,66,LivLg,5,LL__10,./image/LL__10.jpg,75,100,switch,animacy,blue,./image/color/blue.jpg,n,,,
High,67,LivLg,9,LL__24,./image/LL__24.jpg,75,75,switch,size,red,./image/color/red.jpg,v,,,
High,68,NLvSm,33,NS__43,./image/NS__43.jpg,75,50,switch,animacy,blue,./image/color/blue.jpg,v,,,
High,69,NLvSm,32,NS__4,./image/NS__4.jpg,75,75,switch,size,red,./image/color/red.jpg,n,,,
High,70,NLvSm,33,NS__43,./image/NS__43.jpg,75,50,switch,animacy,blue,./image/color/blue.jpg,v,,,
High,71,LivLg,9,LL__24,./image/LL__24.jpg,75,75,switch,size,red,./image/color/red.jpg,v,,,
High,72,NLvSm,32,NS__4,./image/NS__4.jpg,75,75,repeat,size,red,./image/color/red.jpg,n,,,
High,73,LivLg,9,LL__24,./image/LL__24.jpg,75,75,repeat,size,red,./image/color/red.jpg,v,,,
High,74,NLvSm,33,NS__43,./image/NS__43.jpg,75,50,repeat,size,red,./image/color/red.jpg,n,,,
High,75,NLvSm,34,NS__50,./image/NS__50.jpg,75,100,switch,animacy,blue,./image/color/blue.jpg,v,,,
High,76,NLvSm,32,NS__4,./image/NS__4.jpg,75,75,switch,size,red,./image/color/red.jpg,n,,,
High,77,NLvSm,32,NS__4,./image/NS__4.jpg,75,75,switch,animacy,blue,./image/color/blue.jpg,v,,,
High,78,LivLg,9,LL__24,./image/LL__24.jpg,75,75,switch,size,red,./image/color/red.jpg,v,,,
High,79,LivLg,9,LL__24,./image/LL__24.jpg,75,75,switch,animacy,blue,./image/color/blue.jpg,n,,,
High,80,LivLg,9,LL__24,./image/LL__24.jpg,75,75,switch,size,red,./image/color/red.jpg,v,,,
High,81,NLvSm,32,NS__4,./image/NS__4.jpg,75,75,switch,animacy,blue,./image/color/blue.jpg,v,,,
High,82,NLvSm,32,NS__4,./image/NS__4.jpg,75,75,switch,size,red,./image/color/red.jpg,n,,,
High,83,LivLg,7,LL__29,./image/LL__29.jpg,75,50,switch,animacy,blue,./image/color/blue.jpg,n,,,
High,84,NLvSm,32,NS__4,./image/NS__4.jpg,75,75,repeat,animacy,blue,./image/color/blue.jpg,v,,,
High,85,LivLg,5,LL__10,./image/LL__10.jpg,75,100,switch,size,red,./image/color/red.jpg,v,,,
High,86,NLvSm,34,NS__50,./image/NS__50.jpg,75,100,switch,animacy,blue,./image/color/blue.jpg,v,,,
High,87,LivLg,7,LL__29,./image/LL__29.jpg,75,50,switch,size,red,./image/color/red.jpg,v,,,
High,88,LivLg,7,LL__29,./image/LL__29.jpg,75,50,repeat,size,red,./image/color/red.jpg,v,,,
High,89,LivLg,9,LL__24,./image/LL__24.jpg,75,75,switch,animacy,blue,./image/color/blue.jpg,n,,,
High,90,LivLg,7,LL__29,./image/LL__29.jpg,75,50,switch,size,red,./image/color/red.jpg,v,,,
High,91,NLvSm,32,NS__4,./image/NS__4.jpg,75,75,switch,animacy,blue,./image/color/blue.jpg,v,,,
High,92,NLvSm,34,NS__50,./image/NS__50.jpg,75,100,switch,size,red,./image/color/red.jpg,n,,,
High,93,NLvSm,32,NS__4,./image/NS__4.jpg,75,75,switch,animacy,blue,./image/color/blue.jpg,v,,,
High,94,NLvSm,34,NS__50,./image/NS__50.jpg,75,100,switch,size,red,./image/color/red.jpg,n,,,
High,95,LivLg,7,LL__29,./image/LL__29.jpg,75,50,repeat,size,red,./image/color/red.jpg,v,,,
High,96,NLvSm,32,NS__4,./image/NS__4.jpg,75,75,switch,animacy,blue,./image/color/blue.jpg,v,,,
High,97,NLvSm,32,NS__4,./image/NS__4.jpg,75,75,repeat,animacy,blue,./image/color/blue.jpg,v,,,
High,98,NLvSm,33,NS__43,./image/NS__43.jpg,75,50,repeat,animacy,blue,./image/color/blue.jpg,v,,,
High,99,LivLg,9,LL__24,./image/LL__24.jpg,75,75,switch,size,red,./image/color/red.jpg,v,,,
High,100,LivLg,9,LL__24,./image/LL__24.jpg,75,75,switch,animacy,blue,./image/color/blue.jpg,n,,,
High,101,NLvSm,33,NS__43,./image/NS__43.jpg,75,50,repeat,animacy,blue,./image/color/blue.jpg,v,,,
High,102,NLvSm,33,NS__43,./image/NS__43.jpg,75,50,repeat,animacy,blue,./image/color/blue.jpg,v,,,
High,103,NLvSm,34,NS__50,./image/NS__50.jpg,75,100,switch,size,red,./image/color/red.jpg,n,,,
High,104,LivLg,7,LL__29,./image/LL__29.jpg,75,50,repeat,size,red,./image/color/red.jpg,v,,,
High,105,NLvSm,32,NS__4,./image/NS__4.jpg,75,75,repeat,size,red,./image/color/red.jpg,n,,,
High,106,NLvSm,34,NS__50,./image/NS__50.jpg,75,100,switch,animacy,blue,./image/color/blue.jpg,v,,,
High,107,LivLg,5,LL__10,./image/LL__10.jpg,75,100,switch,size,red,./image/color/red.jpg,v,,,
High,108,NLvSm,34,NS__50,./image/NS__50.jpg,75,100,switch,animacy,blue,./image/color/blue.jpg,v,,,
High,109,LivLg,7,LL__29,./image/LL__29.jpg,75,50,switch,size,red,./image/color/red.jpg,v,,,
High,110,NLvSm,33,NS__43,./image/NS__43.jpg,75,50,switch,animacy,blue,./image/color/blue.jpg,v,,,
High,111,LivLg,5,LL__10,./image/LL__10.jpg,75,100,switch,size,red,./image/color/red.jpg,v,,,
High,112,LivLg,9,LL__24,./image/LL__24.jpg,75,75,repeat,size,red,./image/color/red.jpg,v,,,
High,113,LivLg,7,LL__29,./image/LL__29.jpg,75,50,repeat,size,red,./image/color/red.jpg,v,,,
High,114,LivLg,9,LL__24,./image/LL__24.jpg,75,75,repeat,size,red,./image/color/red.jpg,v,,,
High,115,NLvSm,34,NS__50,./image/NS__50.jpg,75,100,switch,animacy,blue,./image/color/blue.jpg,v,,,
High,116,LivLg,9,LL__24,./image/LL__24.jpg,75,75,switch,size,red,./image/color/red.jpg,v,,,
High,117,NLvSm,33,NS__43,./image/NS__43.jpg,75,50,repeat,size,red,./image/color/red.jpg,n,,,
High,118,LivLg,9,LL__24,./image/LL__24.jpg,75,75,switch,animacy,blue,./image/color/blue.jpg,n,,,
High,119,LivLg,9,LL__24,./image/LL__24.jpg,75,75,switch,size,red,./image/color/red.jpg,v,,,
High,120,LivLg,9,LL__24,./image/LL__24.jpg,75,75,switch,animacy,blue,./image/color/blue.jpg,n,,,
High,121,NLvSm,33,NS__43,./image/NS__43.jpg,75,50,repeat,animacy,blue,./image/color/blue.jpg,v,,,
High,122,LivLg,9,LL__24,./image/LL__24.jpg,75,75,switch,size,red,./image/color/red.jpg,v,,,
High,123,NLvSm,32,NS__4,./image/NS__4.jpg,75,75,switch,animacy,blue,./image/color/blue.jpg,v,,,
High,124,LivLg,7,LL__29,./image/LL__29.jpg,75,50,switch,size,red,./image/color/red.jpg,v,,,
High,125,LivLg,9,LL__24,./image/LL__24.jpg,75,75,switch,animacy,blue,./image/color/blue.jpg,n,,,
High,126,NLvSm,32,NS__4,./image/NS__4.jpg,75,75,repeat,animacy,blue,./image/color/blue.jpg,v,,,
High,127,NLvSm,32,NS__4,./image/NS__4.jpg,75,75,switch,size,red,./image/color/red.jpg,n,,,
High,128,NLvSm,34,NS__50,./image/NS__50.jpg,75,100,switch,animacy,blue,./image/color/blue.jpg,v,,,
High,129,NLvSm,32,NS__4,./image/NS__4.jpg,75,75,switch,size,red,./image/color/red.jpg,n,,,
High,130,LivLg,7,LL__29,./image/LL__29.jpg,75,50,repeat,size,red,./image/color/red.jpg,v,,,
High,131,NLvSm,33,NS__43,./image/NS__43.jpg,75,50,repeat,size,red,./image/color/red.jpg,n,,,
High,132,LivLg,7,LL__29,./image/LL__29.jpg,75,50,switch,animacy,blue,./image/color/blue.jpg,n,,,
High,133,LivLg,9,LL__24,./image/LL__24.jpg,75,75,repeat,animacy,blue,./image/color/blue.jpg,n,,,
High,134,NLvSm,32,NS__4,./image/NS__4.jpg,75,75,switch,size,red,./image/color/red.jpg,n,,,
High,135,LivLg,7,LL__29,./image/LL__29.jpg,75,50,repeat,size,red,./image/color/red.jpg,v,,,
High,136,LivLg,5,LL__10,./image/LL__10.jpg,75,100,switch,animacy,blue,./image/color/blue.jpg,n,,,
High,137,LivLg,7,LL__29,./image/LL__29.jpg,75,50,switch,size,red,./image/color/red.jpg,v,,,
High,138,LivLg,9,LL__24,./image/LL__24.jpg,75,75,switch,animacy,blue,./image/color/blue.jpg,n,,,
High,139,LivLg,5,LL__10,./image/LL__10.jpg,75,100,switch,size,red,./image/color/red.jpg,v,,,
High,140,LivLg,5,LL__10,./image/LL__10.jpg,75,100,switch,animacy,blue,./image/color/blue.jpg,n,,,
High,141,LivLg,5,LL__10,./image/LL__10.jpg,75,100,switch,size,red,./image/color/red.jpg,v,,,
High,142,NLvSm,33,NS__43,./image/NS__43.jpg,75,50,switch,animacy,blue,./image/color/blue.jpg,v,,,
High,143,LivLg,7,LL__29,./image/LL__29.jpg,75,50,switch,size,red,./image/color/red.jpg,v,,,
High,144,LivLg,7,LL__29,./image/LL__29.jpg,75,50,switch,animacy,blue,./image/color/blue.jpg,n,,,
High,145,NLvSm,34,NS__50,./image/NS__50.jpg,75,100,switch,size,red,./image/color/red.jpg,n,,,
High,146,NLvSm,33,NS__43,./image/NS__43.jpg,75,50,switch,animacy,blue,./image/color/blue.jpg,v,,,
High,147,LivLg,9,LL__24,./image/LL__24.jpg,75,75,switch,size,red,./image/color/red.jpg,v,,,
High,148,LivLg,9,LL__24,./image/LL__24.jpg,75,75,switch,animacy,blue,./image/color/blue.jpg,n,,,
High,149,LivLg,9,LL__24,./image/LL__24.jpg,75,75,repeat,animacy,blue,./image/color/blue.jpg,n,,,
High,150,NLvSm,34,NS__50,./image/NS__50.jpg,75,100,switch,size,red,./image/color/red.jpg,n,,,
High,151,NLvSm,34,NS__50,./image/NS__50.jpg,75,100,switch,animacy,blue,./image/color/blue.jpg,v,,,
High,152,NLvSm,33,NS__43,./image/NS__43.jpg,75,50,repeat,animacy,blue,./image/color/blue.jpg,v,,,
High,153,NLvSm,33,NS__43,./image/NS__43.jpg,75,50,switch,size,red,./image/color/red.jpg,n,,,
High,154,NLvSm,34,NS__50,./image/NS__50.jpg,75,100,switch,animacy,blue,./image/color/blue.jpg,v,,,
High,155,NLvSm,32,NS__4,./image/NS__4.jpg,75,75,repeat,animacy,blue,./image/color/blue.jpg,v,,,
High,156,NLvSm,33,NS__43,./image/NS__43.jpg,75,50,repeat,animacy,blue,./image/color/blue.jpg,v,,,
High,157,NLvSm,32,NS__4,./image/NS__4.jpg,75,75,switch,size,red,./image/color/red.jpg,n,,,
High,158,LivLg,5,LL__10,./image/LL__10.jpg,75,100,switch,animacy,blue,./image/color/blue.jpg,n,,,
High,159,NLvSm,32,NS__4,./image/NS__4.jpg,75,75,switch,size,red,./image/color/red.jpg,n,,,
High,160,NLvSm,33,NS__43,./image/NS__43.jpg,75,50,switch,animacy,blue,./image/color/blue.jpg,v,,,
High,161,NLvSm,33,NS__43,./image/NS__43.jpg,75,50,switch,size,red,./image/color/red.jpg,n,,,
High,162,NLvSm,32,NS__4,./image/NS__4.jpg,75,75,repeat,size,red,./image/color/red.jpg,n,,,
High,163,NLvSm,33,NS__43,./image/NS__43.jpg,75,50,switch,animacy,blue,./image/color/blue.jpg,v,,,
High,164,NLvSm,33,NS__43,./image/NS__43.jpg,75,50,switch,size,red,./image/color/red.jpg,n,,,
High,165,LivLg,5,LL__10,./image/LL__10.jpg,75,100,switch,animacy,blue,./image/color/blue.jpg,n,,,
High,166,NLvSm,34,NS__50,./image/NS__50.jpg,75,100,switch,size,red,./image/color/red.jpg,n,,,
High,167,LivLg,9,LL__24,./image/LL__24.jpg,75,75,switch,animacy,blue,./image/color/blue.jpg,n,,,
High,168,NLvSm,32,NS__4,./image/NS__4.jpg,75,75,switch,size,red,./image/color/red.jpg,n,,,
High,169,NLvSm,32,NS__4,./image/NS__4.jpg,75,75,switch,animacy,blue,./image/color/blue.jpg,v,,,
High,170,LivLg,5,LL__10,./image/LL__10.jpg,75,100,switch,size,red,./image/color/red.jpg,v,,,
High,171,LivLg,9,LL__24,./image/LL__24.jpg,75,75,switch,animacy,blue,./image/color/blue.jpg,n,,,
High,172,LivLg,7,LL__29,./image/LL__29.jpg,75,50,switch,size,red,./image/color/red.jpg,v,,,
High,173,NLvSm,33,NS__43,./image/NS__43.jpg,75,50,repeat,size,red,./image/color/red.jpg,n,,,
High,174,NLvSm,33,NS__43,./image/NS__43.jpg,75,50,switch,animacy,blue,./image/color/blue.jpg,v,,,
High,175,NLvSm,33,NS__43,./image/NS__43.jpg,75,50,repeat,animacy,blue,./image/color/blue.jpg,v,,,
High,176,NLvSm,32,NS__4,./image/NS__4.jpg,75,75,switch,size,red,./image/color/red.jpg,n,,,
High,177,NLvSm,34,NS__50,./image/NS__50.jpg,75,100,switch,animacy,blue,./image/color/blue.jpg,v,,,
High,178,NLvSm,32,NS__4,./image/NS__4.jpg,75,75,switch,size,red,./image/color/red.jpg,n,,,
High,179,LivLg,5,LL__10,./image/LL__10.jpg,75,100,switch,animacy,blue,./image/color/blue.jpg,n,,,
High,180,LivLg,7,LL__29,./image/LL__29.jpg,75,50,repeat,animacy,blue,./image/color/blue.jpg,n,,,
High,181,LivLg,5,LL__10,./image/LL__10.jpg,75,100,switch,size,red,./image/color/red.jpg,v,,,
High,182,NLvSm,33,NS__43,./image/NS__43.jpg,75,50,repeat,size,red,./image/color/red.jpg,n,,,
High,183,NLvSm,34,NS__50,./image/NS__50.jpg,75,100,switch,animacy,blue,./image/color/blue.jpg,v,,,
High,184,LivLg,9,LL__24,./image/LL__24.jpg,75,75,switch,size,red,./image/color/red.jpg,v,,,
High,185,LivLg,7,LL__29,./image/LL__29.jpg,75,50,repeat,size,red,./image/color/red.jpg,v,,,
High,186,NLvSm,32,NS__4,./image/NS__4.jpg,75,75,switch,animacy,blue,./image/color/blue.jpg,v,,,
High,187,NLvSm,33,NS__43,./image/NS__43.jpg,75,50,switch,size,red,./image/color/red.jpg,n,,,
High,188,NLvSm,32,NS__4,./image/NS__4.jpg,75,75,switch,animacy,blue,./image/color/blue.jpg,v,,,
High,189,NLvSm,34,NS__50,./image/NS__50.jpg,75,100,switch,size,red,./image/color/red.jpg,n,,,
High,190,LivLg,5,LL__10,./image/LL__10.jpg,75,100,switch,animacy,blue,./image/color/blue.jpg,n,,,
High,191,NLvSm,34,NS__50,./image/NS__50.jpg,75,100,switch,size,red,./image/color/red.jpg,n,,,
High,192,LivLg,9,LL__24,./image/LL__24.jpg,75,75,switch,animacy,blue,./image/color/blue.jpg,n,,,
High,193,LivLg,5,LL__10,./image/LL__10.jpg,75,100,switch,size,red,./image/color/red.jpg,v,,,
High,194,NLvSm,33,NS__43,./image/NS__43.jpg,75,50,switch,animacy,blue,./image/color/blue.jpg,v,,,
High,195,LivLg,5,LL__10,./image/LL__10.jpg,75,100,switch,size,red,./image/color/red.jpg,v,,,
High,196,LivLg,7,LL__29,./image/LL__29.jpg,75,50,repeat,size,red,./image/color/red.jpg,v,,,
High,197,NLvSm,33,NS__43,./image/NS__43.jpg,75,50,repeat,size,red,./image/color/red.jpg,n,,,
High,198,LivLg,9,LL__24,./image/LL__24.jpg,75,75,switch,animacy,blue,./image/color/blue.jpg,n,,,
High,199,LivLg,7,LL__29,./image/LL__29.jpg,75,50,repeat,animacy,blue,./image/color/blue.jpg,n,,,
High,200,LivLg,7,LL__29,./image/LL__29.jpg,75,50,repeat,animacy,blue,./image/color/blue.jpg,n,,,
High,201,NLvSm,33,NS__43,./image/NS__43.jpg,75,50,repeat,animacy,blue,./image/color/blue.jpg,v,,,
High,202,LivLg,7,LL__29,./image/LL__29.jpg,75,50,switch,size,red,./image/color/red.jpg,v,,,
High,203,NLvSm,32,NS__4,./image/NS__4.jpg,75,75,switch,animacy,blue,./image/color/blue.jpg,v,,,
High,204,NLvSm,34,NS__50,./image/NS__50.jpg,75,100,switch,size,red,./image/color/red.jpg,n,,,
High,205,NLvSm,32,NS__4,./image/NS__4.jpg,75,75,switch,animacy,blue,./image/color/blue.jpg,v,,,
High,206,LivLg,5,LL__10,./image/LL__10.jpg,75,100,switch,size,red,./image/color/red.jpg,v,,,
High,207,LivLg,5,LL__10,./image/LL__10.jpg,75,100,switch,animacy,blue,./image/color/blue.jpg,n,,,
High,208,LivLg,9,LL__24,./image/LL__24.jpg,75,75,repeat,animacy,blue,./image/color/blue.jpg,n,,,
High,209,LivLg,7,LL__29,./image/LL__29.jpg,75,50,repeat,animacy,blue,./image/color/blue.jpg,n,,,
High,210,NLvSm,32,NS__4,./image/NS__4.jpg,75,75,switch,size,red,./image/color/red.jpg,n,,,
High,211,NLvSm,32,NS__4,./image/NS__4.jpg,75,75,repeat,size,red,./image/color/red.jpg,n,,,
High,212,LivLg,7,LL__29,./image/LL__29.jpg,75,50,repeat,size,red,./image/color/red.jpg,v,,,
High,213,NLvSm,33,NS__43,./image/NS__43.jpg,75,50,switch,animacy,blue,./image/color/blue.jpg,v,,,
High,214,NLvSm,32,NS__4,./image/NS__4.jpg,75,75,switch,size,red,./image/color/red.jpg,n,,,
High,215,LivLg,7,LL__29,./image/LL__29.jpg,75,50,repeat,size,red,./image/color/red.jpg,v,,,
High,216,LivLg,9,LL__24,./image/LL__24.jpg,75,75,switch,animacy,blue,./image/color/blue.jpg,n,,,
High,217,NLvSm,34,NS__50,./image/NS__50.jpg,75,100,switch,size,red,./image/color/red.jpg,n,,,
High,218,LivLg,9,LL__24,./image/LL__24.jpg,75,75,switch,animacy,blue,./image/color/blue.jpg,n,,,
High,219,LivLg,9,LL__24,./image/LL__24.jpg,75,75,switch,size,red,./image/color/red.jpg,v,,,
High,220,LivLg,7,LL__29,./image/LL__29.jpg,75,50,repeat,size,red,./image/color/red.jpg,v,,,
High,221,LivLg,7,LL__29,./image/LL__29.jpg,75,50,switch,animacy,blue,./image/color/blue.jpg,n,,,
High,222,LivLg,5,LL__10,./image/LL__10.jpg,75,100,switch,size,red,./image/color/red.jpg,v,,,
High,223,LivLg,5,LL__10,./image/LL__10.jpg,75,100,switch,animacy,blue,./image/color/blue.jpg,n,,,
High,224,LivLg,7,LL__29,./image/LL__29.jpg,75,50,switch,size,red,./image/color/red.jpg,v,,,
High,225,NLvSm,33,NS__43,./image/NS__43.jpg,75,50,switch,animacy,blue,./image/color/blue.jpg,v,,,
High,226,LivLg,5,LL__10,./image/LL__10.jpg,75,100,switch,size,red,./image/color/red.jpg,v,,,
High,227,NLvSm,33,NS__43,./image/NS__43.jpg,75,50,repeat,size,red,./image/color/red.jpg,n,,,
High,228,NLvSm,32,NS__4,./image/NS__4.jpg,75,75,switch,animacy,blue,./image/color/blue.jpg,v,,,
High,229,NLvSm,32,NS__4,./image/NS__4.jpg,75,75,repeat,animacy,blue,./image/color/blue.jpg,v,,,
High,230,LivLg,7,LL__29,./image/LL__29.jpg,75,50,switch,size,red,./image/color/red.jpg,v,,,
High,231,NLvSm,34,NS__50,./image/NS__50.jpg,75,100,switch,animacy,blue,./image/color/blue.jpg,v,,,
High,232,NLvSm,32,NS__4,./image/NS__4.jpg,75,75,switch,size,red,./image/color/red.jpg,n,,,
High,233,LivLg,7,LL__29,./image/LL__29.jpg,75,50,switch,animacy,blue,./image/color/blue.jpg,n,,,
High,234,NLvSm,34,NS__50,./image/NS__50.jpg,75,100,switch,size,red,./image/color/red.jpg,n,,,
High,235,LivLg,5,LL__10,./image/LL__10.jpg,75,100,switch,animacy,blue,./image/color/blue.jpg,n,,,
High,236,NLvSm,33,NS__43,./image/NS__43.jpg,75,50,switch,size,red,./image/color/red.jpg,n,,,
High,237,NLvSm,34,NS__50,./image/NS__50.jpg,75,100,switch,animacy,blue,./image/color/blue.jpg,v,,,
High,238,LivLg,9,LL__24,./image/LL__24.jpg,75,75,switch,size,red,./image/color/red.jpg,v,,,
High,239,LivLg,5,LL__10,./image/LL__10.jpg,75,100,switch,animacy,blue,./image/color/blue.jpg,n,,,
High,240,LivLg,9,LL__24,./image/LL__24.jpg,75,75,switch,size,red,./image/color/red.jpg,v,,,
High,241,LivLg,5,LL__10,./image/LL__10.jpg,75,100,switch,animacy,blue,./image/color/blue.jpg,n,,,
High,242,NLvSm,34,NS__50,./image/NS__50.jpg,75,100,switch,size,red,./image/color/red.jpg,n,,,
High,243,NLvSm,34,NS__50,./image/NS__50.jpg,75,100,switch,animacy,blue,./image/color/blue.jpg,v,,,
High,244,LivLg,5,LL__10,./image/LL__10.jpg,75,100,switch,size,red,./image/color/red.jpg,v,,,
High,245,LivLg,5,LL__10,./image/LL__10.jpg,75,100,switch,animacy,blue,./image/color/blue.jpg,n,,,
High,246,NLvSm,34,NS__50,./image/NS__50.jpg,75,100,switch,size,red,./image/color/red.jpg,n,,,
High,247,LivLg,5,LL__10,./image/LL__10.jpg,75,100,switch,animacy,blue,./image/color/blue.jpg,n,,,
High,248,NLvSm,34,NS__50,./image/NS__50.jpg,75,100,switch,size,red,./image/color/red.jpg,n,,,
High,249,LivLg,7,LL__29,./image/LL__29.jpg,75,50,switch,animacy,blue,./image/color/blue.jpg,n,,,
High,250,NLvSm,34,NS__50,./image/NS__50.jpg,75,100,switch,size,red,./image/color/red.jpg,n,,,
High,251,NLvSm,34,NS__50,./image/NS__50.jpg,75,100,switch,animacy,blue,./image/color/blue.jpg,v,,,
High,252,NLvSm,34,NS__50,./image/NS__50.jpg,75,100,switch,size,red,./image/color/red.jpg,n,,,
High,253,NLvSm,32,NS__4,./image/NS__4.jpg,75,75,repeat,size,red,./image/color/red.jpg,n,,,
High,254,LivLg,7,LL__29,./image/LL__29.jpg,75,50,repeat,size,red,./image/color/red.jpg,v,,,
High,255,LivLg,9,LL__24,./image/LL__24.jpg,75,75,switch,animacy,blue,./image/color/blue.jpg,n,,,
High,256,LivLg,7,LL__29,./image/LL__29.jpg,75,50,switch,size,red,./image/color/red.jpg,v,,,
High,257,NLvSm,33,NS__43,./image/NS__43.jpg,75,50,repeat,size,red,./image/color/red.jpg,n,,,
High,258,LivLg,9,LL__24,./image/LL__24.jpg,75,75,switch,animacy,blue,./image/color/blue.jpg,n,,,
High,259,LivLg,5,LL__10,./image/LL__10.jpg,75,100,switch,size,red,./image/color/red.jpg,v,,,
High,260,NLvSm,33,NS__43,./image/NS__43.jpg,75,50,repeat,size,red,./image/color/red.jpg,n,,,
High,261,NLvSm,34,NS__50,./image/NS__50.jpg,75,100,switch,animacy,blue,./image/color/blue.jpg,v,,,
High,262,NLvSm,32,NS__4,./image/NS__4.jpg,75,75,switch,size,red,./image/color/red.jpg,n,,,
High,263,NLvSm,34,NS__50,./image/NS__50.jpg,75,100,switch,animacy,blue,./image/color/blue.jpg,v,,,
High,264,LivLg,5,LL__10,./image/LL__10.jpg,75,100,switch,size,red,./image/color/red.jpg,v,,,
High,265,NLvSm,33,NS__43,./image/NS__43.jpg,75,50,repeat,size,red,./image/color/red.jpg,n,,,
High,266,NLvSm,34,NS__50,./image/NS__50.jpg,75,100,switch,animacy,blue,./image/color/blue.jpg,v,,,
High,267,NLvSm,33,NS__43,./image/NS__43.jpg,75,50,repeat,animacy,blue,./image/color/blue.jpg,v,,,
High,268,NLvSm,33,NS__43,./image/NS__43.jpg,75,50,repeat,animacy,blue,./image/color/blue.jpg,v,,,
High,269,NLvSm,32,NS__4,./image/NS__4.jpg,75,75,switch,size,red,./image/color/red.jpg,n,,,
High,270,LivLg,7,LL__29,./image/LL__29.jpg,75,50,repeat,size,red,./image/color/red.jpg,v,,,
High,271,LivLg,5,LL__10,./image/LL__10.jpg,75,100,switch,animacy,blue,./image/color/blue.jpg,n,,,
High,272,NLvSm,33,NS__43,./image/NS__43.jpg,75,50,switch,size,red,./image/color/red.jpg,n,,,
High,273,NLvSm,34,NS__50,./image/NS__50.jpg,75,100,switch,animacy,blue,./image/color/blue.jpg,v,,,
High,274,LivLg,5,LL__10,./image/LL__10.jpg,75,100,switch,size,red,./image/color/red.jpg,v,,,
High,275,NLvSm,33,NS__43,./image/NS__43.jpg,75,50,repeat,size,red,./image/color/red.jpg,n,,,
High,276,LivLg,9,LL__24,./image/LL__24.jpg,75,75,repeat,size,red,./image/color/red.jpg,v,,,
High,277,LivLg,7,LL__29,./image/LL__29.jpg,75,50,repeat,size,red,./image/color/red.jpg,v,,,
High,278,LivLg,9,LL__24,./image/LL__24.jpg,75,75,repeat,size,red,./image/color/red.jpg,v,,,
High,279,NLvSm,33,NS__43,./image/NS__43.jpg,75,50,repeat,size,red,./image/color/red.jpg,n,,,
High,280,LivLg,9,LL__24,./image/LL__24.jpg,75,75,switch,animacy,blue,./image/color/blue.jpg,n,,,
High,281,NLvSm,33,NS__43,./image/NS__43.jpg,75,50,repeat,animacy,blue,./image/color/blue.jpg,v,,,
High,282,NLvSm,33,NS__43,./image/NS__43.jpg,75,50,switch,size,red,./image/color/red.jpg,n,,,
High,283,NLvSm,34,NS__50,./image/NS__50.jpg,75,100,switch,animacy,blue,./image/color/blue.jpg,v,,,
High,284,LivLg,9,LL__24,./image/LL__24.jpg,75,75,repeat,animacy,blue,./image/color/blue.jpg,n,,,
High,285,NLvSm,33,NS__43,./image/NS__43.jpg,75,50,switch,size,red,./image/color/red.jpg,n,,,
High,286,NLvSm,32,NS__4,./image/NS__4.jpg,75,75,switch,animacy,blue,./image/color/blue.jpg,v,,,
High,287,LivLg,5,LL__10,./image/LL__10.jpg,75,100,switch,size,red,./image/color/red.jpg,v,,,
High,288,NLvSm,34,NS__50,./image/NS__50.jpg,75,100,switch,animacy,blue,./image/color/blue.jpg,v,,,
Med,1,NLvSm,36,NS__1,./image/NS__1.jpg,50,75,repeat,size,red,./image/color/red.jpg,n,,,
Med,2,LivLg,10,LL__53,./image/LL__53.jpg,50,50,switch,animacy,blue,./image/color/blue.jpg,n,,,
Med,3,LivLg,1,LL__9,./image/LL__9.jpg,50,75,repeat,animacy,blue,./image/color/blue.jpg,n,,,
Med,4,LivLg,8,LL__38,./image/LL__38.jpg,50,25,switch,size,red,./image/color/red.jpg,v,,,
Med,5,NLvSm,36,NS__1,./image/NS__1.jpg,50,75,switch,animacy,blue,./image/color/blue.jpg,v,,,
Med,6,NLvSm,40,NS__33,./image/NS__33.jpg,50,25,switch,size,red,./image/color/red.jpg,n,,,
Med,7,NLvSm,36,NS__1,./image/NS__1.jpg,50,75,switch,animacy,blue,./image/color/blue.jpg,v,,,
Med,8,NLvSm,36,NS__1,./image/NS__1.jpg,50,75,repeat,animacy,blue,./image/color/blue.jpg,v,,,
Med,9,NLvSm,40,NS__33,./image/NS__33.jpg,50,25,switch,size,red,./image/color/red.jpg,n,,,
Med,10,LivLg,8,LL__38,./image/LL__38.jpg,50,25,repeat,size,red,./image/color/red.jpg,v,,,
Med,11,LivLg,8,LL__38,./image/LL__38.jpg,50,25,repeat,size,red,./image/color/red.jpg,v,,,
Med,12,NLvSm,36,NS__1,./image/NS__1.jpg,50,75,switch,animacy,blue,./image/color/blue.jpg,v,,,
Med,13,NLvSm,40,NS__33,./image/NS__33.jpg,50,25,repeat,animacy,blue,./image/color/blue.jpg,v,,,
Med,14,NLvSm,40,NS__33,./image/NS__33.jpg,50,25,repeat,animacy,blue,./image/color/blue.jpg,v,,,
Med,15,NLvSm,36,NS__1,./image/NS__1.jpg,50,75,switch,size,red,./image/color/red.jpg,n,,,
Med,16,NLvSm,40,NS__33,./image/NS__33.jpg,50,25,switch,animacy,blue,./image/color/blue.jpg,v,,,
Med,17,LivLg,1,LL__9,./image/LL__9.jpg,50,75,repeat,animacy,blue,./image/color/blue.jpg,n,,,
Med,18,LivLg,8,LL__38,./image/LL__38.jpg,50,25,switch,size,red,./image/color/red.jpg,v,,,
Med,19,NLvSm,40,NS__33,./image/NS__33.jpg,50,25,repeat,size,red,./image/color/red.jpg,n,,,
Med,20,LivLg,8,LL__38,./image/LL__38.jpg,50,25,switch,animacy,blue,./image/color/blue.jpg,n,,,
Med,21,LivLg,1,LL__9,./image/LL__9.jpg,50,75,switch,size,red,./image/color/red.jpg,v,,,
Med,22,LivLg,1,LL__9,./image/LL__9.jpg,50,75,repeat,size,red,./image/color/red.jpg,v,,,
Med,23,NLvSm,40,NS__33,./image/NS__33.jpg,50,25,switch,animacy,blue,./image/color/blue.jpg,v,,,
Med,24,LivLg,8,LL__38,./image/LL__38.jpg,50,25,repeat,animacy,blue,./image/color/blue.jpg,n,,,
Med,25,NLvSm,36,NS__1,./image/NS__1.jpg,50,75,switch,size,red,./image/color/red.jpg,n,,,
Med,26,LivLg,1,LL__9,./image/LL__9.jpg,50,75,switch,animacy,blue,./image/color/blue.jpg,n,,,
Med,27,NLvSm,35,NS__45,./image/NS__45.jpg,50,50,switch,size,red,./image/color/red.jpg,n,,,
Med,28,LivLg,10,LL__53,./image/LL__53.jpg,50,50,switch,animacy,blue,./image/color/blue.jpg,n,,,
Med,29,LivLg,10,LL__53,./image/LL__53.jpg,50,50,repeat,animacy,blue,./image/color/blue.jpg,n,,,
Med,30,NLvSm,36,NS__1,./image/NS__1.jpg,50,75,switch,size,red,./image/color/red.jpg,n,,,
Med,31,NLvSm,36,NS__1,./image/NS__1.jpg,50,75,switch,animacy,blue,./image/color/blue.jpg,v,,,
Med,32,LivLg,1,LL__9,./image/LL__9.jpg,50,75,switch,size,red,./image/color/red.jpg,v,,,
Med,33,LivLg,10,LL__53,./image/LL__53.jpg,50,50,repeat,size,red,./image/color/red.jpg,v,,,
Med,34,LivLg,10,LL__53,./image/LL__53.jpg,50,50,repeat,size,red,./image/color/red.jpg,v,,,
Med,35,LivLg,10,LL__53,./image/LL__53.jpg,50,50,switch,animacy,blue,./image/color/blue.jpg,n,,,
Med,36,LivLg,8,LL__38,./image/LL__38.jpg,50,25,repeat,animacy,blue,./image/color/blue.jpg,n,,,
Med,37,NLvSm,36,NS__1,./image/NS__1.jpg,50,75,switch,size,red,./image/color/red.jpg,n,,,
Med,38,NLvSm,36,NS__1,./image/NS__1.jpg,50,75,switch,animacy,blue,./image/color/blue.jpg,v,,,
Med,39,NLvSm,40,NS__33,./image/NS__33.jpg,50,25,repeat,animacy,blue,./image/color/blue.jpg,v,,,
Med,40,LivLg,1,LL__9,./image/LL__9.jpg,50,75,switch,size,red,./image/color/red.jpg,v,,,
Med,41,LivLg,8,LL__38,./image/LL__38.jpg,50,25,switch,animacy,blue,./image/color/blue.jpg,n,,,
Med,42,NLvSm,35,NS__45,./image/NS__45.jpg,50,50,switch,size,red,./image/color/red.jpg,n,,,
Med,43,LivLg,8,LL__38,./image/LL__38.jpg,50,25,repeat,size,red,./image/color/red.jpg,v,,,
Med,44,LivLg,10,LL__53,./image/LL__53.jpg,50,50,switch,animacy,blue,./image/color/blue.jpg,n,,,
Med,45,LivLg,1,LL__9,./image/LL__9.jpg,50,75,repeat,animacy,blue,./image/color/blue.jpg,n,,,
Med,46,NLvSm,35,NS__45,./image/NS__45.jpg,50,50,repeat,animacy,blue,./image/color/blue.jpg,v,,,
Med,47,LivLg,1,LL__9,./image/LL__9.jpg,50,75,switch,size,red,./image/color/red.jpg,v,,,
Med,48,LivLg,8,LL__38,./image/LL__38.jpg,50,25,switch,animacy,blue,./image/color/blue.jpg,n,,,
Med,49,NLvSm,40,NS__33,./image/NS__33.jpg,50,25,repeat,animacy,blue,./image/color/blue.jpg,v,,,
Med,50,NLvSm,40,NS__33,./image/NS__33.jpg,50,25,repeat,animacy,blue,./image/color/blue.jpg,v,,,
Med,51,LivLg,8,LL__38,./image/LL__38.jpg,50,25,repeat,animacy,blue,./image/color/blue.jpg,n,,,
Med,52,LivLg,10,LL__53,./image/LL__53.jpg,50,50,switch,size,red,./image/color/red.jpg,v,,,
Med,53,NLvSm,40,NS__33,./image/NS__33.jpg,50,25,repeat,size,red,./image/color/red.jpg,n,,,
Med,54,LivLg,1,LL__9,./image/LL__9.jpg,50,75,repeat,size,red,./image/color/red.jpg,v,,,
Med,55,NLvSm,36,NS__1,./image/NS__1.jpg,50,75,switch,animacy,blue,./image/color/blue.jpg,v,,,
Med,56,NLvSm,40,NS__33,./image/NS__33.jpg,50,25,repeat,animacy,blue,./image/color/blue.jpg,v,,,
Med,57,LivLg,10,LL__53,./image/LL__53.jpg,50,50,repeat,animacy,blue,./image/color/blue.jpg,n,,,
Med,58,LivLg,1,LL__9,./image/LL__9.jpg,50,75,switch,size,red,./image/color/red.jpg,v,,,
Med,59,NLvSm,35,NS__45,./image/NS__45.jpg,50,50,repeat,size,red,./image/color/red.jpg,n,,,
Med,60,LivLg,8,LL__38,./image/LL__38.jpg,50,25,repeat,size,red,./image/color/red.jpg,v,,,
Med,61,NLvSm,40,NS__33,./image/NS__33.jpg,50,25,switch,animacy,blue,./image/color/blue.jpg,v,,,
Med,62,LivLg,1,LL__9,./image/LL__9.jpg,50,75,repeat,animacy,blue,./image/color/blue.jpg,n,,,
Med,63,NLvSm,35,NS__45,./image/NS__45.jpg,50,50,repeat,animacy,blue,./image/color/blue.jpg,v,,,
Med,64,LivLg,10,LL__53,./image/LL__53.jpg,50,50,switch,size,red,./image/color/red.jpg,v,,,
Med,65,LivLg,1,LL__9,./image/LL__9.jpg,50,75,switch,animacy,blue,./image/color/blue.jpg,n,,,
Med,66,NLvSm,35,NS__45,./image/NS__45.jpg,50,50,repeat,animacy,blue,./image/color/blue.jpg,v,,,
Med,67,NLvSm,36,NS__1,./image/NS__1.jpg,50,75,repeat,animacy,blue,./image/color/blue.jpg,v,,,
Med,68,LivLg,8,LL__38,./image/LL__38.jpg,50,25,repeat,animacy,blue,./image/color/blue.jpg,n,,,
Med,69,NLvSm,36,NS__1,./image/NS__1.jpg,50,75,repeat,animacy,blue,./image/color/blue.jpg,v,,,
Med,70,LivLg,1,LL__9,./image/LL__9.jpg,50,75,switch,size,red,./image/color/red.jpg,v,,,
Med,71,NLvSm,36,NS__1,./image/NS__1.jpg,50,75,repeat,size,red,./image/color/red.jpg,n,,,
Med,72,LivLg,8,LL__38,./image/LL__38.jpg,50,25,repeat,size,red,./image/color/red.jpg,v,,,
Med,73,LivLg,8,LL__38,./image/LL__38.jpg,50,25,repeat,size,red,./image/color/red.jpg,v,,,
Med,74,LivLg,8,LL__38,./image/LL__38.jpg,50,25,repeat,size,red,./image/color/red.jpg,v,,,
Med,75,NLvSm,36,NS__1,./image/NS__1.jpg,50,75,switch,animacy,blue,./image/color/blue.jpg,v,,,
Med,76,NLvSm,40,NS__33,./image/NS__33.jpg,50,25,repeat,animacy,blue,./image/color/blue.jpg,v,,,
Med,77,LivLg,10,LL__53,./image/LL__53.jpg,50,50,repeat,animacy,blue,./image/color/blue.jpg,n,,,
Med,78,NLvSm,35,NS__45,./image/NS__45.jpg,50,50,repeat,animacy,blue,./image/color/blue.jpg,v,,,
Med,79,LivLg,10,LL__53,./image/LL__53.jpg,50,50,switch,size,red,./image/color/red.jpg,v,,,
Med,80,NLvSm,35,NS__45,./image/NS__45.jpg,50,50,switch,animacy,blue,./image/color/blue.jpg,v,,,
Med,81,NLvSm,35,NS__45,./image/NS__45.jpg,50,50,switch,size,red,./image/color/red.jpg,n,,,
Med,82,LivLg,8,LL__38,./image/LL__38.jpg,50,25,repeat,size,red,./image/color/red.jpg,v,,,
Med,83,LivLg,8,LL__38,./image/LL__38.jpg,50,25,repeat,size,red,./image/color/red.jpg,v,,,
Med,84,LivLg,10,LL__53,./image/LL__53.jpg,50,50,repeat,size,red,./image/color/red.jpg,v,,,
Med,85,LivLg,1,LL__9,./image/LL__9.jpg,50,75,switch,animacy,blue,./image/color/blue.jpg,n,,,
Med,86,LivLg,10,LL__53,./image/LL__53.jpg,50,50,repeat,animacy,blue,./image/color/blue.jpg,n,,,
Med,87,NLvSm,40,NS__33,./image/NS__33.jpg,50,25,repeat,animacy,blue,./image/color/blue.jpg,v,,,
Med,88,NLvSm,35,NS__45,./image/NS__45.jpg,50,50,repeat,animacy,blue,./image/color/blue.jpg,v,,,
Med,89,LivLg,1,LL__9,./image/LL__9.jpg,50,75,switch,size,red,./image/color/red.jpg,v,,,
Med,90,NLvSm,35,NS__45,./image/NS__45.jpg,50,50,switch,animacy,blue,./image/color/blue.jpg,v,,,
Med,91,NLvSm,40,NS__33,./image/NS__33.jpg,50,25,switch,size,red,./image/color/red.jpg,n,,,
Med,92,NLvSm,36,NS__1,./image/NS__1.jpg,50,75,switch,animacy,blue,./image/color/blue.jpg,v,,,
Med,93,NLvSm,36,NS__1,./image/NS__1.jpg,50,75,switch,size,red,./image/color/red.jpg,n,,,
Med,94,LivLg,10,LL__53,./image/LL__53.jpg,50,50,repeat,size,red,./image/color/red.jpg,v,,,
Med,95,LivLg,1,LL__9,./image/LL__9.jpg,50,75,switch,animacy,blue,./image/color/blue.jpg,n,,,
Med,96,NLvSm,40,NS__33,./image/NS__33.jpg,50,25,repeat,animacy,blue,./image/color/blue.jpg,v,,,
Med,97,LivLg,8,LL__38,./image/LL__38.jpg,50,25,switch,size,red,./image/color/red.jpg,v,,,
Med,98,NLvSm,36,NS__1,./image/NS__1.jpg,50,75,switch,animacy,blue,./image/color/blue.jpg,v,,,
Med,99,LivLg,10,LL__53,./image/LL__53.jpg,50,50,switch,size,red,./image/color/red.jpg,v,,,
Med,100,NLvSm,40,NS__33,./image/NS__33.jpg,50,25,repeat,size,red,./image/color/red.jpg,n,,,
Med,101,NLvSm,36,NS__1,./image/NS__1.jpg,50,75,switch,animacy,blue,./image/color/blue.jpg,v,,,
Med,102,NLvSm,40,NS__33,./image/NS__33.jpg,50,25,repeat,animacy,blue,./image/color/blue.jpg,v,,,
Med,103,NLvSm,40,NS__33,./image/NS__33.jpg,50,25,repeat,animacy,blue,./image/color/blue.jpg,v,,,
Med,104,NLvSm,36,NS__1,./image/NS__1.jpg,50,75,switch,size,red,./image/color/red.jpg,n,,,
Med,105,NLvSm,36,NS__1,./image/NS__1.jpg,50,75,switch,animacy,blue,./image/color/blue.jpg,v,,,
Med,106,NLvSm,40,NS__33,./image/NS__33.jpg,50,25,switch,size,red,./image/color/red.jpg,n,,,
Med,107,NLvSm,36,NS__1,./image/NS__1.jpg,50,75,repeat,size,red,./image/color/red.jpg,n,,,
Med,108,LivLg,10,LL__53,./image/LL__53.jpg,50,50,repeat,size,red,./image/color/red.jpg,v,,,
Med,109,NLvSm,36,NS__1,./image/NS__1.jpg,50,75,switch,animacy,blue,./image/color/blue.jpg,v,,,
Med,110,NLvSm,40,NS__33,./image/NS__33.jpg,50,25,repeat,animacy,blue,./image/color/blue.jpg,v,,,
Med,111,LivLg,1,LL__9,./image/LL__9.jpg,50,75,switch,size,red,./image/color/red.jpg,v,,,
Med,112,NLvSm,35,NS__45,./image/NS__45.jpg,50,50,repeat,size,red,./image/color/red.jpg,n,,,
Med,113,NLvSm,40,NS__33,./image/NS__33.jpg,50,25,repeat,size,red,./image/color/red.jpg,n,,,
Med,114,NLvSm,35,NS__45,./image/NS__45.jpg,50,50,switch,animacy,blue,./image/color/blue.jpg,v,,,
Med,115,LivLg,1,LL__9,./image/LL__9.jpg,50,75,switch,size,red,./image/color/red.jpg,v,,,
Med,116,LivLg,10,LL__53,./image/LL__53.jpg,50,50,switch,animacy,blue,./image/color/blue.jpg,n,,,
Med,117,NLvSm,40,NS__33,./image/NS__33.jpg,50,25,repeat,animacy,blue,./image/color/blue.jpg,v,,,
Med,118,NLvSm,40,NS__33,./image/NS__33.jpg,50,25,repeat,animacy,blue,./image/color/blue.jpg,v,,,
Med,119,NLvSm,35,NS__45,./image/NS__45.jpg,50,50,switch,size,red,./image/color/red.jpg,n,,,
Med,120,LivLg,1,LL__9,./image/LL__9.jpg,50,75,switch,animacy,blue,./image/color/blue.jpg,n,,,
Med,121,NLvSm,35,NS__45,./image/NS__45.jpg,50,50,repeat,animacy,blue,./image/color/blue.jpg,v,,,
Med,122,LivLg,1,LL__9,./image/LL__9.jpg,50,75,switch,size,red,./image/color/red.jpg,v,,,
Med,123,LivLg,1,LL__9,./image/LL__9.jpg,50,75,switch,animacy,blue,./image/color/blue.jpg,n,,,
Med,124,LivLg,8,LL__38,./image/LL__38.jpg,50,25,repeat,animacy,blue,./image/color/blue.jpg,n,,,
Med,125,LivLg,1,LL__9,./image/LL__9.jpg,50,75,switch,size,red,./image/color/red.jpg,v,,,
Med,126,NLvSm,35,NS__45,./image/NS__45.jpg,50,50,repeat,size,red,./image/color/red.jpg,n,,,
Med,127,NLvSm,36,NS__1,./image/NS__1.jpg,50,75,repeat,size,red,./image/color/red.jpg,n,,,
Med,128,NLvSm,40,NS__33,./image/NS__33.jpg,50,25,repeat,size,red,./image/color/red.jpg,n,,,
Med,129,LivLg,10,LL__53,./image/LL__53.jpg,50,50,repeat,size,red,./image/color/red.jpg,v,,,
Med,130,LivLg,1,LL__9,./image/LL__9.jpg,50,75,repeat,size,red,./image/color/red.jpg,v,,,
Med,131,LivLg,10,LL__53,./image/LL__53.jpg,50,50,repeat,size,red,./image/color/red.jpg,v,,,
Med,132,NLvSm,40,NS__33,./image/NS__33.jpg,50,25,repeat,size,red,./image/color/red.jpg,n,,,
Med,133,LivLg,10,LL__53,./image/LL__53.jpg,50,50,repeat,size,red,./image/color/red.jpg,v,,,
Med,134,NLvSm,40,NS__33,./image/NS__33.jpg,50,25,repeat,size,red,./image/color/red.jpg,n,,,
Med,135,NLvSm,36,NS__1,./image/NS__1.jpg,50,75,switch,animacy,blue,./image/color/blue.jpg,v,,,
Med,136,LivLg,10,LL__53,./image/LL__53.jpg,50,50,repeat,animacy,blue,./image/color/blue.jpg,n,,,
Med,137,NLvSm,36,NS__1,./image/NS__1.jpg,50,75,switch,size,red,./image/color/red.jpg,n,,,
Med,138,NLvSm,36,NS__1,./image/NS__1.jpg,50,75,repeat,size,red,./image/color/red.jpg,n,,,
Med,139,NLvSm,36,NS__1,./image/NS__1.jpg,50,75,switch,animacy,blue,./image/color/blue.jpg,v,,,
Med,140,LivLg,10,LL__53,./image/LL__53.jpg,50,50,repeat,animacy,blue,./image/color/blue.jpg,n,,,
Med,141,NLvSm,40,NS__33,./image/NS__33.jpg,50,25,switch,size,red,./image/color/red.jpg,n,,,
Med,142,LivLg,8,LL__38,./image/LL__38.jpg,50,25,repeat,size,red,./image/color/red.jpg,v,,,
Med,143,LivLg,10,LL__53,./image/LL__53.jpg,50,50,repeat,size,red,./image/color/red.jpg,v,,,
Med,144,NLvSm,36,NS__1,./image/NS__1.jpg,50,75,switch,animacy,blue,./image/color/blue.jpg,v,,,
Med,145,LivLg,10,LL__53,./image/LL__53.jpg,50,50,switch,size,red,./image/color/red.jpg,v,,,
Med,146,NLvSm,36,NS__1,./image/NS__1.jpg,50,75,repeat,size,red,./image/color/red.jpg,n,,,
Med,147,LivLg,8,LL__38,./image/LL__38.jpg,50,25,repeat,size,red,./image/color/red.jpg,v,,,
Med,148,LivLg,1,LL__9,./image/LL__9.jpg,50,75,switch,animacy,blue,./image/color/blue.jpg,n,,,
Med,149,NLvSm,40,NS__33,./image/NS__33.jpg,50,25,repeat,animacy,blue,./image/color/blue.jpg,v,,,
Med,150,LivLg,8,LL__38,./image/LL__38.jpg,50,25,repeat,animacy,blue,./image/color/blue.jpg,n,,,
Med,151,LivLg,10,LL__53,./image/LL__53.jpg,50,50,switch,size,red,./image/color/red.jpg,v,,,
Med,152,LivLg,10,LL__53,./image/LL__53.jpg,50,50,repeat,size,red,./image/color/red.jpg,v,,,
Med,153,LivLg,8,LL__38,./image/LL__38.jpg,50,25,repeat,size,red,./image/color/red.jpg,v,,,
Med,154,LivLg,10,LL__53,./image/LL__53.jpg,50,50,switch,animacy,blue,./image/color/blue.jpg,n,,,
Med,155,LivLg,10,LL__53,./image/LL__53.jpg,50,50,repeat,animacy,blue,./image/color/blue.jpg,n,,,
Med,156,LivLg,10,LL__53,./image/LL__53.jpg,50,50,repeat,animacy,blue,./image/color/blue.jpg,n,,,
Med,157,NLvSm,35,NS__45,./image/NS__45.jpg,50,50,switch,size,red,./image/color/red.jpg,n,,,
Med,158,LivLg,8,LL__38,./image/LL__38.jpg,50,25,repeat,size,red,./image/color/red.jpg,v,,,
Med,159,LivLg,8,LL__38,./image/LL__38.jpg,50,25,repeat,size,red,./image/color/red.jpg,v,,,
Med,160,NLvSm,35,NS__45,./image/NS__45.jpg,50,50,switch,animacy,blue,./image/color/blue.jpg,v,,,
Med,161,LivLg,10,LL__53,./image/LL__53.jpg,50,50,repeat,animacy,blue,./image/color/blue.jpg,n,,,
Med,162,NLvSm,35,NS__45,./image/NS__45.jpg,50,50,switch,size,red,./image/color/red.jpg,n,,,
Med,163,LivLg,10,LL__53,./image/LL__53.jpg,50,50,switch,animacy,blue,./image/color/blue.jpg,n,,,
Med,164,LivLg,1,LL__9,./image/LL__9.jpg,50,75,switch,size,red,./image/color/red.jpg,v,,,
Med,165,LivLg,10,LL__53,./image/LL__53.jpg,50,50,switch,animacy,blue,./image/color/blue.jpg,n,,,
Med,166,LivLg,10,LL__53,./image/LL__53.jpg,50,50,switch,size,red,./image/color/red.jpg,v,,,
Med,167,LivLg,1,LL__9,./image/LL__9.jpg,50,75,repeat,size,red,./image/color/red.jpg,v,,,
Med,168,NLvSm,35,NS__45,./image/NS__45.jpg,50,50,repeat,size,red,./image/color/red.jpg,n,,,
Med,169,NLvSm,35,NS__45,./image/NS__45.jpg,50,50,switch,animacy,blue,./image/color/blue.jpg,v,,,
Med,170,LivLg,8,LL__38,./image/LL__38.jpg,50,25,repeat,animacy,blue,./image/color/blue.jpg,n,,,
Med,171,NLvSm,40,NS__33,./image/NS__33.jpg,50,25,repeat,animacy,blue,./image/color/blue.jpg,v,,,
Med,172,NLvSm,35,NS__45,./image/NS__45.jpg,50,50,switch,size,red,./image/color/red.jpg,n,,,
Med,173,LivLg,10,LL__53,./image/LL__53.jpg,50,50,switch,animacy,blue,./image/color/blue.jpg,n,,,
Med,174,NLvSm,35,NS__45,./image/NS__45.jpg,50,50,switch,size,red,./image/color/red.jpg,n,,,
Med,175,NLvSm,40,NS__33,./image/NS__33.jpg,50,25,switch,animacy,blue,./image/color/blue.jpg,v,,,
Med,176,LivLg,8,LL__38,./image/LL__38.jpg,50,25,repeat,animacy,blue,./image/color/blue.jpg,n,,,
Med,177,NLvSm,40,NS__33,./image/NS__33.jpg,50,25,repeat,animacy,blue,./image/color/blue.jpg,v,,,
Med,178,LivLg,8,LL__38,./image/LL__38.jpg,50,25,switch,size,red,./image/color/red.jpg,v,,,
Med,179,NLvSm,35,NS__45,./image/NS__45.jpg,50,50,switch,animacy,blue,./image/color/blue.jpg,v,,,
Med,180,NLvSm,36,NS__1,./image/NS__1.jpg,50,75,switch,size,red,./image/color/red.jpg,n,,,
Med,181,NLvSm,35,NS__45,./image/NS__45.jpg,50,50,switch,animacy,blue,./image/color/blue.jpg,v,,,
Med,182,NLvSm,36,NS__1,./image/NS__1.jpg,50,75,switch,size,red,./image/color/red.jpg,n,,,
Med,183,NLvSm,35,NS__45,./image/NS__45.jpg,50,50,repeat,size,red,./image/color/red.jpg,n,,,
Med,184,LivLg,1,LL__9,./image/LL__9.jpg,50,75,switch,animacy,blue,./image/color/blue.jpg,n,,,
Med,185,LivLg,1,LL__9,./image/LL__9.jpg,50,75,switch,size,red,./image/color/red.jpg,v,,,
Med,186,NLvSm,36,NS__1,./image/NS__1.jpg,50,75,switch,animacy,blue,./image/color/blue.jpg,v,,,
Med,187,LivLg,10,LL__53,./image/LL__53.jpg,50,50,switch,size,red,./image/color/red.jpg,v,,,
Med,188,LivLg,1,LL__9,./image/LL__9.jpg,50,75,switch,animacy,blue,./image/color/blue.jpg,n,,,
Med,189,NLvSm,35,NS__45,./image/NS__45.jpg,50,50,switch,size,red,./image/color/red.jpg,n,,,
Med,190,NLvSm,36,NS__1,./image/NS__1.jpg,50,75,switch,animacy,blue,./image/color/blue.jpg,v,,,
Med,191,NLvSm,40,NS__33,./image/NS__33.jpg,50,25,repeat,animacy,blue,./image/color/blue.jpg,v,,,
Med,192,LivLg,1,LL__9,./image/LL__9.jpg,50,75,switch,size,red,./image/color/red.jpg,v,,,
Med,193,NLvSm,40,NS__33,./image/NS__33.jpg,50,25,repeat,size,red,./image/color/red.jpg,n,,,
Med,194,NLvSm,36,NS__1,./image/NS__1.jpg,50,75,repeat,size,red,./image/color/red.jpg,n,,,
Med,195,LivLg,8,LL__38,./image/LL__38.jpg,50,25,repeat,size,red,./image/color/red.jpg,v,,,
Med,196,NLvSm,36,NS__1,./image/NS__1.jpg,50,75,repeat,size,red,./image/color/red.jpg,n,,,
Med,197,LivLg,8,LL__38,./image/LL__38.jpg,50,25,switch,animacy,blue,./image/color/blue.jpg,n,,,
Med,198,NLvSm,40,NS__33,./image/NS__33.jpg,50,25,repeat,animacy,blue,./image/color/blue.jpg,v,,,
Med,199,NLvSm,36,NS__1,./image/NS__1.jpg,50,75,repeat,animacy,blue,./image/color/blue.jpg,v,,,
Med,200,NLvSm,35,NS__45,./image/NS__45.jpg,50,50,switch,size,red,./image/color/red.jpg,n,,,
Med,201,LivLg,10,LL__53,./image/LL__53.jpg,50,50,switch,animacy,blue,./image/color/blue.jpg,n,,,
Med,202,NLvSm,35,NS__45,./image/NS__45.jpg,50,50,switch,size,red,./image/color/red.jpg,n,,,
Med,203,LivLg,10,LL__53,./image/LL__53.jpg,50,50,repeat,size,red,./image/color/red.jpg,v,,,
Med,204,LivLg,8,LL__38,./image/LL__38.jpg,50,25,repeat,size,red,./image/color/red.jpg,v,,,
Med,205,LivLg,10,LL__53,./image/LL__53.jpg,50,50,repeat,size,red,./image/color/red.jpg,v,,,
Med,206,LivLg,10,LL__53,./image/LL__53.jpg,50,50,repeat,size,red,./image/color/red.jpg,v,,,
Med,207,NLvSm,35,NS__45,./image/NS__45.jpg,50,50,repeat,size,red,./image/color/red.jpg,n,,,
Med,208,NLvSm,40,NS__33,./image/NS__33.jpg,50,25,repeat,size,red,./image/color/red.jpg,n,,,
Med,209,LivLg,1,LL__9,./image/LL__9.jpg,50,75,switch,animacy,blue,./image/color/blue.jpg,n,,,
Med,210,LivLg,8,LL__38,./image/LL__38.jpg,50,25,switch,size,red,./image/color/red.jpg,v,,,
Med,211,NLvSm,35,NS__45,./image/NS__45.jpg,50,50,repeat,size,red,./image/color/red.jpg,n,,,
Med,212,LivLg,8,LL__38,./image/LL__38.jpg,50,25,repeat,size,red,./image/color/red.jpg,v,,,
Med,213,NLvSm,36,NS__1,./image/NS__1.jpg,50,75,switch,animacy,blue,./image/color/blue.jpg,v,,,
Med,214,NLvSm,35,NS__45,./image/NS__45.jpg,50,50,switch,size,red,./image/color/red.jpg,n,,,
Med,215,NLvSm,35,NS__45,./image/NS__45.jpg,50,50,repeat,size,red,./image/color/red.jpg,n,,,
Med,216,LivLg,8,LL__38,./image/LL__38.jpg,50,25,repeat,size,red,./image/color/red.jpg,v,,,
Med,217,LivLg,8,LL__38,./image/LL__38.jpg,50,25,repeat,size,red,./image/color/red.jpg,v,,,
Med,218,NLvSm,36,NS__1,./image/NS__1.jpg,50,75,switch,animacy,blue,./image/color/blue.jpg,v,,,
Med,219,LivLg,10,LL__53,./image/LL__53.jpg,50,50,repeat,animacy,blue,./image/color/blue.jpg,n,,,
Med,220,LivLg,1,LL__9,./image/LL__9.jpg,50,75,switch,size,red,./image/color/red.jpg,v,,,
Med,221,LivLg,8,LL__38,./image/LL__38.jpg,50,25,repeat,size,red,./image/color/red.jpg,v,,,
Med,222,NLvSm,35,NS__45,./image/NS__45.jpg,50,50,switch,animacy,blue,./image/color/blue.jpg,v,,,
Med,223,LivLg,1,LL__9,./image/LL__9.jpg,50,75,switch,size,red,./image/color/red.jpg,v,,,
Med,224,NLvSm,40,NS__33,./image/NS__33.jpg,50,25,repeat,size,red,./image/color/red.jpg,n,,,
Med,225,LivLg,8,LL__38,./image/LL__38.jpg,50,25,switch,animacy,blue,./image/color/blue.jpg,n,,,
Med,226,LivLg,8,LL__38,./image/LL__38.jpg,50,25,repeat,animacy,blue,./image/color/blue.jpg,n,,,
Med,227,LivLg,10,LL__53,./image/LL__53.jpg,50,50,switch,size,red,./image/color/red.jpg,v,,,
Med,228,NLvSm,36,NS__1,./image/NS__1.jpg,50,75,switch,animacy,blue,./image/color/blue.jpg,v,,,
Med,229,NLvSm,40,NS__33,./image/NS__33.jpg,50,25,repeat,animacy,blue,./image/color/blue.jpg,v,,,
Med,230,NLvSm,35,NS__45,./image/NS__45.jpg,50,50,repeat,animacy,blue,./image/color/blue.jpg,v,,,
Med,231,LivLg,1,LL__9,./image/LL__9.jpg,50,75,switch,size,red,./image/color/red.jpg,v,,,
Med,232,LivLg,8,LL__38,./image/LL__38.jpg,50,25,repeat,size,red,./image/color/red.jpg,v,,,
Med,233,NLvSm,35,NS__45,./image/NS__45.jpg,50,50,switch,animacy,blue,./image/color/blue.jpg,v,,,
Med,234,LivLg,8,LL__38,./image/LL__38.jpg,50,25,repeat,animacy,blue,./image/color/blue.jpg,n,,,
Med,235,NLvSm,35,NS__45,./image/NS__45.jpg,50,50,repeat,animacy,blue,./image/color/blue.jpg,v,,,
Med,236,LivLg,1,LL__9,./image/LL__9.jpg,50,75,switch,size,red,./image/color/red.jpg,v,,,
Med,237,LivLg,1,LL__9,./image/LL__9.jpg,50,75,switch,animacy,blue,./image/color/blue.jpg,n,,,
Med,238,LivLg,8,LL__38,./image/LL__38.jpg,50,25,repeat,animacy,blue,./image/color/blue.jpg,n,,,
Med,239,LivLg,8,LL__38,./image/LL__38.jpg,50,25,repeat,animacy,blue,./image/color/blue.jpg,n,,,
Med,240,NLvSm,36,NS__1,./image/NS__1.jpg,50,75,switch,size,red,./image/color/red.jpg,n,,,
Med,241,NLvSm,36,NS__1,./image/NS__1.jpg,50,75,switch,animacy,blue,./image/color/blue.jpg,v,,,
Med,242,LivLg,1,LL__9,./image/LL__9.jpg,50,75,switch,size,red,./image/color/red.jpg,v,,,
Med,243,NLvSm,35,NS__45,./image/NS__45.jpg,50,50,repeat,size,red,./image/color/red.jpg,n,,,
Med,244,NLvSm,35,NS__45,./image/NS__45.jpg,50,50,switch,animacy,blue,./image/color/blue.jpg,v,,,
Med,245,NLvSm,35,NS__45,./image/NS__45.jpg,50,50,repeat,animacy,blue,./image/color/blue.jpg,v,,,
Med,246,LivLg,1,LL__9,./image/LL__9.jpg,50,75,repeat,animacy,blue,./image/color/blue.jpg,n,,,
Med,247,NLvSm,36,NS__1,./image/NS__1.jpg,50,75,switch,size,red,./image/color/red.jpg,n,,,
Med,248,NLvSm,35,NS__45,./image/NS__45.jpg,50,50,repeat,size,red,./image/color/red.jpg,n,,,
Med,249,NLvSm,40,NS__33,./image/NS__33.jpg,50,25,switch,animacy,blue,./image/color/blue.jpg,v,,,
Med,250,LivLg,10,LL__53,./image/LL__53.jpg,50,50,repeat,animacy,blue,./image/color/blue.jpg,n,,,
Med,251,NLvSm,35,NS__45,./image/NS__45.jpg,50,50,repeat,animacy,blue,./image/color/blue.jpg,v,,,
Med,252,NLvSm,35,NS__45,./image/NS__45.jpg,50,50,switch,size,red,./image/color/red.jpg,n,,,
Med,253,NLvSm,35,NS__45,./image/NS__45.jpg,50,50,repeat,size,red,./image/color/red.jpg,n,,,
Med,254,NLvSm,40,NS__33,./image/NS__33.jpg,50,25,switch,animacy,blue,./image/color/blue.jpg,v,,,
Med,255,LivLg,1,LL__9,./image/LL__9.jpg,50,75,repeat,animacy,blue,./image/color/blue.jpg,n,,,
Med,256,LivLg,8,LL__38,./image/LL__38.jpg,50,25,switch,size,red,./image/color/red.jpg,v,,,
Med,257,NLvSm,36,NS__1,./image/NS__1.jpg,50,75,switch,animacy,blue,./image/color/blue.jpg,v,,,
Med,258,NLvSm,40,NS__33,./image/NS__33.jpg,50,25,repeat,animacy,blue,./image/color/blue.jpg,v,,,
Med,259,LivLg,1,LL__9,./image/LL__9.jpg,50,75,switch,size,red,./image/color/red.jpg,v,,,
Med,260,NLvSm,36,NS__1,./image/NS__1.jpg,50,75,switch,animacy,blue,./image/color/blue.jpg,v,,,
Med,261,LivLg,1,LL__9,./image/LL__9.jpg,50,75,repeat,animacy,blue,./image/color/blue.jpg,n,,,
Med,262,LivLg,8,LL__38,./image/LL__38.jpg,50,25,repeat,animacy,blue,./image/color/blue.jpg,n,,,
Med,263,NLvSm,40,NS__33,./image/NS__33.jpg,50,25,repeat,animacy,blue,./image/color/blue.jpg,v,,,
Med,264,LivLg,10,LL__53,./image/LL__53.jpg,50,50,switch,size,red,./image/color/red.jpg,v,,,
Med,265,NLvSm,35,NS__45,./image/NS__45.jpg,50,50,repeat,size,red,./image/color/red.jpg,n,,,
Med,266,LivLg,1,LL__9,./image/LL__9.jpg,50,75,switch,animacy,blue,./image/color/blue.jpg,n,,,
Med,267,NLvSm,40,NS__33,./image/NS__33.jpg,50,25,repeat,animacy,blue,./image/color/blue.jpg,v,,,
Med,268,NLvSm,40,NS__33,./image/NS__33.jpg,50,25,repeat,animacy,blue,./image/color/blue.jpg,v,,,
Med,269,NLvSm,35,NS__45,./image/NS__45.jpg,50,50,repeat,animacy,blue,./image/color/blue.jpg,v,,,
Med,270,NLvSm,35,NS__45,./image/NS__45.jpg,50,50,repeat,animacy,blue,./image/color/blue.jpg,v,,,
Med,271,LivLg,1,LL__9,./image/LL__9.jpg,50,75,switch,size,red,./image/color/red.jpg,v,,,
Med,272,LivLg,10,LL__53,./image/LL__53.jpg,50,50,switch,animacy,blue,./image/color/blue.jpg,n,,,
Med,273,LivLg,1,LL__9,./image/LL__9.jpg,50,75,switch,size,red,./image/color/red.jpg,v,,,
Med,274,LivLg,10,LL__53,./image/LL__53.jpg,50,50,switch,animacy,blue,./image/color/blue.jpg,n,,,
Med,275,NLvSm,35,NS__45,./image/NS__45.jpg,50,50,switch,size,red,./image/color/red.jpg,n,,,
Med,276,NLvSm,40,NS__33,./image/NS__33.jpg,50,25,repeat,size,red,./image/color/red.jpg,n,,,
Med,277,NLvSm,40,NS__33,./image/NS__33.jpg,50,25,repeat,size,red,./image/color/red.jpg,n,,,
Med,278,LivLg,8,LL__38,./image/LL__38.jpg,50,25,repeat,size,red,./image/color/red.jpg,v,,,
Med,279,LivLg,8,LL__38,./image/LL__38.jpg,50,25,repeat,size,red,./image/color/red.jpg,v,,,
Med,280,LivLg,10,LL__53,./image/LL__53.jpg,50,50,switch,animacy,blue,./image/color/blue.jpg,n,,,
Med,281,NLvSm,40,NS__33,./image/NS__33.jpg,50,25,switch,size,red,./image/color/red.jpg,n,,,
Med,282,LivLg,1,LL__9,./image/LL__9.jpg,50,75,repeat,size,red,./image/color/red.jpg,v,,,
Med,283,LivLg,10,LL__53,./image/LL__53.jpg,50,50,switch,animacy,blue,./image/color/blue.jpg,n,,,
Med,284,NLvSm,36,NS__1,./image/NS__1.jpg,50,75,switch,size,red,./image/color/red.jpg,n,,,
Med,285,LivLg,1,LL__9,./image/LL__9.jpg,50,75,switch,animacy,blue,./image/color/blue.jpg,n,,,
Med,286,LivLg,8,LL__38,./image/LL__38.jpg,50,25,switch,size,red,./image/color/red.jpg,v,,,
Med,287,LivLg,1,LL__9,./image/LL__9.jpg,50,75,switch,animacy,blue,./image/color/blue.jpg,n,,,
Med,288,NLvSm,36,NS__1,./image/NS__1.jpg,50,75,switch,size,red,./image/color/red.jpg,n,,,
Low,1,LivLg,6,LL__23,./image/LL__23.jpg,25,25,repeat,animacy,blue,./image/color/blue.jpg,n,,,
Low,2,NLvSm,38,NS__55,./image/NS__55.jpg,25,50,switch,size,red,./image/color/red.jpg,n,,,
Low,3,NLvSm,38,NS__55,./image/NS__55.jpg,25,50,repeat,size,red,./image/color/red.jpg,n,,,
Low,4,LivLg,6,LL__23,./image/LL__23.jpg,25,25,repeat,size,red,./image/color/red.jpg,v,,,
Low,5,NLvSm,38,NS__55,./image/NS__55.jpg,25,50,switch,animacy,blue,./image/color/blue.jpg,v,,,
Low,6,LivLg,3,LL__7,./image/LL__7.jpg,25,50,repeat,animacy,blue,./image/color/blue.jpg,n,,,
Low,7,LivLg,3,LL__7,./image/LL__7.jpg,25,50,repeat,animacy,blue,./image/color/blue.jpg,n,,,
Low,8,LivLg,6,LL__23,./image/LL__23.jpg,25,25,repeat,animacy,blue,./image/color/blue.jpg,n,,,
Low,9,LivLg,6,LL__23,./image/LL__23.jpg,25,25,switch,size,red,./image/color/red.jpg,v,,,
Low,10,NLvSm,39,NS__46,./image/NS__46.jpg,25,0,repeat,size,red,./image/color/red.jpg,n,,,
Low,11,NLvSm,37,NS__25,./image/NS__25.jpg,25,25,repeat,size,red,./image/color/red.jpg,n,,,
Low,12,LivLg,2,LL__37,./image/LL__37.jpg,25,0,repeat,size,red,./image/color/red.jpg,v,,,
Low,13,NLvSm,37,NS__25,./image/NS__25.jpg,25,25,repeat,size,red,./image/color/red.jpg,n,,,
Low,14,LivLg,2,LL__37,./image/LL__37.jpg,25,0,repeat,size,red,./image/color/red.jpg,v,,,
Low,15,LivLg,6,LL__23,./image/LL__23.jpg,25,25,switch,animacy,blue,./image/color/blue.jpg,n,,,
Low,16,NLvSm,38,NS__55,./image/NS__55.jpg,25,50,switch,size,red,./image/color/red.jpg,n,,,
Low,17,LivLg,6,LL__23,./image/LL__23.jpg,25,25,repeat,size,red,./image/color/red.jpg,v,,,
Low,18,NLvSm,38,NS__55,./image/NS__55.jpg,25,50,switch,animacy,blue,./image/color/blue.jpg,v,,,
Low,19,NLvSm,38,NS__55,./image/NS__55.jpg,25,50,repeat,animacy,blue,./image/color/blue.jpg,v,,,
Low,20,NLvSm,39,NS__46,./image/NS__46.jpg,25,0,repeat,animacy,blue,./image/color/blue.jpg,v,,,
Low,21,NLvSm,39,NS__46,./image/NS__46.jpg,25,0,repeat,animacy,blue,./image/color/blue.jpg,v,,,
Low,22,LivLg,2,LL__37,./image/LL__37.jpg,25,0,repeat,animacy,blue,./image/color/blue.jpg,n,,,
Low,23,LivLg,2,LL__37,./image/LL__37.jpg,25,0,repeat,animacy,blue,./image/color/blue.jpg,n,,,
Low,24,NLvSm,38,NS__55,./image/NS__55.jpg,25,50,switch,size,red,./image/color/red.jpg,n,,,
Low,25,NLvSm,38,NS__55,./image/NS__55.jpg,25,50,switch,animacy,blue,./image/color/blue.jpg,v,,,
Low,26,NLvSm,38,NS__55,./image/NS__55.jpg,25,50,repeat,animacy,blue,./image/color/blue.jpg,v,,,
Low,27,LivLg,2,LL__37,./image/LL__37.jpg,25,0,repeat,animacy,blue,./image/color/blue.jpg,n,,,
Low,28,LivLg,2,LL__37,./image/LL__37.jpg,25,0,repeat,animacy,blue,./image/color/blue.jpg,n,,,
Low,29,LivLg,6,LL__23,./image/LL__23.jpg,25,25,repeat,animacy,blue,./image/color/blue.jpg,n,,,
Low,30,NLvSm,38,NS__55,./image/NS__55.jpg,25,50,switch,size,red,./image/color/red.jpg,n,,,
Low,31,LivLg,2,LL__37,./image/LL__37.jpg,25,0,repeat,size,red,./image/color/red.jpg,v,,,
Low,32,LivLg,2,LL__37,./image/LL__37.jpg,25,0,repeat,size,red,./image/color/red.jpg,v,,,
Low,33,NLvSm,39,NS__46,./image/NS__46.jpg,25,0,repeat,size,red,./image/color/red.jpg,n,,,
Low,34,NLvSm,37,NS__25,./image/NS__25.jpg,25,25,repeat,size,red,./image/color/red.jpg,n,,,
Low,35,NLvSm,38,NS__55,./image/NS__55.jpg,25,50,repeat,size,red,./image/color/red.jpg,n,,,
Low,36,LivLg,3,LL__7,./image/LL__7.jpg,25,50,repeat,size,red,./image/color/red.jpg,v,,,
Low,37,LivLg,6,LL__23,./image/LL__23.jpg,25,25,switch,animacy,blue,./image/color/blue.jpg,n,,,
Low,38,LivLg,3,LL__7,./image/LL__7.jpg,25,50,switch,size,red,./image/color/red.jpg,v,,,
Low,39,NLvSm,39,NS__46,./image/NS__46.jpg,25,0,repeat,size,red,./image/color/red.jpg,n,,,
Low,40,NLvSm,38,NS__55,./image/NS__55.jpg,25,50,switch,animacy,blue,./image/color/blue.jpg,v,,,
Low,41,NLvSm,38,NS__55,./image/NS__55.jpg,25,50,repeat,animacy,blue,./image/color/blue.jpg,v,,,
Low,42,NLvSm,37,NS__25,./image/NS__25.jpg,25,25,repeat,animacy,blue,./image/color/blue.jpg,v,,,
Low,43,LivLg,6,LL__23,./image/LL__23.jpg,25,25,repeat,animacy,blue,./image/color/blue.jpg,n,,,
Low,44,NLvSm,39,NS__46,./image/NS__46.jpg,25,0,repeat,animacy,blue,./image/color/blue.jpg,v,,,
Low,45,NLvSm,39,NS__46,./image/NS__46.jpg,25,0,repeat,animacy,blue,./image/color/blue.jpg,v,,,
Low,46,LivLg,3,LL__7,./image/LL__7.jpg,25,50,repeat,animacy,blue,./image/color/blue.jpg,n,,,
Low,47,NLvSm,39,NS__46,./image/NS__46.jpg,25,0,repeat,animacy,blue,./image/color/blue.jpg,v,,,
Low,48,LivLg,3,LL__7,./image/LL__7.jpg,25,50,switch,size,red,./image/color/red.jpg,v,,,
Low,49,LivLg,2,LL__37,./image/LL__37.jpg,25,0,repeat,size,red,./image/color/red.jpg,v,,,
Low,50,NLvSm,38,NS__55,./image/NS__55.jpg,25,50,switch,animacy,blue,./image/color/blue.jpg,v,,,
Low,51,NLvSm,38,NS__55,./image/NS__55.jpg,25,50,switch,size,red,./image/color/red.jpg,n,,,
Low,52,LivLg,2,LL__37,./image/LL__37.jpg,25,0,repeat,size,red,./image/color/red.jpg,v,,,
Low,53,LivLg,2,LL__37,./image/LL__37.jpg,25,0,repeat,size,red,./image/color/red.jpg,v,,,
Low,54,NLvSm,37,NS__25,./image/NS__25.jpg,25,25,repeat,size,red,./image/color/red.jpg,n,,,
Low,55,NLvSm,38,NS__55,./image/NS__55.jpg,25,50,repeat,size,red,./image/color/red.jpg,n,,,
Low,56,LivLg,2,LL__37,./image/LL__37.jpg,25,0,repeat,size,red,./image/color/red.jpg,v,,,
Low,57,LivLg,2,LL__37,./image/LL__37.jpg,25,0,repeat,size,red,./image/color/red.jpg,v,,,
Low,58,NLvSm,39,NS__46,./image/NS__46.jpg,25,0,repeat,size,red,./image/color/red.jpg,n,,,
Low,59,NLvSm,37,NS__25,./image/NS__25.jpg,25,25,repeat,size,red,./image/color/red.jpg,n,,,
Low,60,NLvSm,38,NS__55,./image/NS__55.jpg,25,50,repeat,size,red,./image/color/red.jpg,n,,,
Low,61,NLvSm,38,NS__55,./image/NS__55.jpg,25,50,repeat,size,red,./image/color/red.jpg,n,,,
Low,62,NLvSm,37,NS__25,./image/NS__25.jpg,25,25,repeat,size,red,./image/color/red.jpg,n,,,
Low,63,LivLg,3,LL__7,./image/LL__7.jpg,25,50,repeat,size,red,./image/color/red.jpg,v,,,
Low,64,NLvSm,38,NS__55,./image/NS__55.jpg,25,50,switch,animacy,blue,./image/color/blue.jpg,v,,,
Low,65,LivLg,2,LL__37,./image/LL__37.jpg,25,0,repeat,animacy,blue,./image/color/blue.jpg,n,,,
Low,66,LivLg,6,LL__23,./image/LL__23.jpg,25,25,repeat,animacy,blue,./image/color/blue.jpg,n,,,
Low,67,LivLg,3,LL__7,./image/LL__7.jpg,25,50,switch,size,red,./image/color/red.jpg,v,,,
Low,68,LivLg,2,LL__37,./image/LL__37.jpg,25,0,repeat,size,red,./image/color/red.jpg,v,,,
Low,69,LivLg,3,LL__7,./image/LL__7.jpg,25,50,repeat,size,red,./image/color/red.jpg,v,,,
Low,70,LivLg,3,LL__7,./image/LL__7.jpg,25,50,repeat,size,red,./image/color/red.jpg,v,,,
Low,71,NLvSm,37,NS__25,./image/NS__25.jpg,25,25,repeat,size,red,./image/color/red.jpg,n,,,
Low,72,NLvSm,39,NS__46,./image/NS__46.jpg,25,0,repeat,size,red,./image/color/red.jpg,n,,,
Low,73,NLvSm,39,NS__46,./image/NS__46.jpg,25,0,repeat,size,red,./image/color/red.jpg,n,,,
Low,74,NLvSm,39,NS__46,./image/NS__46.jpg,25,0,repeat,size,red,./image/color/red.jpg,n,,,
Low,75,NLvSm,38,NS__55,./image/NS__55.jpg,25,50,switch,animacy,blue,./image/color/blue.jpg,v,,,
Low,76,LivLg,2,LL__37,./image/LL__37.jpg,25,0,repeat,animacy,blue,./image/color/blue.jpg,n,,,
Low,77,NLvSm,39,NS__46,./image/NS__46.jpg,25,0,repeat,animacy,blue,./image/color/blue.jpg,v,,,
Low,78,LivLg,3,LL__7,./image/LL__7.jpg,25,50,repeat,animacy,blue,./image/color/blue.jpg,n,,,
Low,79,LivLg,2,LL__37,./image/LL__37.jpg,25,0,repeat,animacy,blue,./image/color/blue.jpg,n,,,
Low,80,LivLg,2,LL__37,./image/LL__37.jpg,25,0,repeat,animacy,blue,./image/color/blue.jpg,n,,,
Low,81,NLvSm,37,NS__25,./image/NS__25.jpg,25,25,switch,size,red,./image/color/red.jpg,n,,,
Low,82,NLvSm,39,NS__46,./image/NS__46.jpg,25,0,repeat,size,red,./image/color/red.jpg,n,,,
Low,83,LivLg,3,LL__7,./image/LL__7.jpg,25,50,switch,animacy,blue,./image/color/blue.jpg,n,,,
Low,84,NLvSm,38,NS__55,./image/NS__55.jpg,25,50,switch,size,red,./image/color/red.jpg,n,,,
Low,85,LivLg,2,LL__37,./image/LL__37.jpg,25,0,repeat,size,red,./image/color/red.jpg,v,,,
Low,86,LivLg,6,LL__23,./image/LL__23.jpg,25,25,switch,animacy,blue,./image/color/blue.jpg,n,,,
Low,87,NLvSm,39,NS__46,./image/NS__46.jpg,25,0,repeat,animacy,blue,./image/color/blue.jpg,v,,,
Low,88,LivLg,3,LL__7,./image/LL__7.jpg,25,50,switch,size,red,./image/color/red.jpg,v,,,
Low,89,NLvSm,37,NS__25,./image/NS__25.jpg,25,25,repeat,size,red,./image/color/red.jpg,n,,,
Low,90,NLvSm,39,NS__46,./image/NS__46.jpg,25,0,repeat,size,red,./image/color/red.jpg,n,,,
Low,91,LivLg,6,LL__23,./image/LL__23.jpg,25,25,repeat,size,red,./image/color/red.jpg,v,,,
Low,92,LivLg,3,LL__7,./image/LL__7.jpg,25,50,repeat,size,red,./image/color/red.jpg,v,,,
Low,93,NLvSm,37,NS__25,./image/NS__25.jpg,25,25,repeat,size,red,./image/color/red.jpg,n,,,
Low,94,NLvSm,38,NS__55,./image/NS__55.jpg,25,50,repeat,size,red,./image/color/red.jpg,n,,,
Low,95,LivLg,6,LL__23,./image/LL__23.jpg,25,25,repeat,size,red,./image/color/red.jpg,v,,,
Low,96,NLvSm,37,NS__25,./image/NS__25.jpg,25,25,repeat,size,red,./image/color/red.jpg,n,,,
Low,97,NLvSm,37,NS__25,./image/NS__25.jpg,25,25,switch,animacy,blue,./image/color/blue.jpg,v,,,
Low,98,NLvSm,37,NS__25,./image/NS__25.jpg,25,25,repeat,animacy,blue,./image/color/blue.jpg,v,,,
Low,99,LivLg,6,LL__23,./image/LL__23.jpg,25,25,repeat,animacy,blue,./image/color/blue.jpg,n,,,
Low,100,LivLg,6,LL__23,./image/LL__23.jpg,25,25,switch,size,red,./image/color/red.jpg,v,,,
Low,101,LivLg,3,LL__7,./image/LL__7.jpg,25,50,switch,animacy,blue,./image/color/blue.jpg,n,,,
Low,102,LivLg,2,LL__37,./image/LL__37.jpg,25,0,repeat,animacy,blue,./image/color/blue.jpg,n,,,
Low,103,NLvSm,39,NS__46,./image/NS__46.jpg,25,0,repeat,animacy,blue,./image/color/blue.jpg,v,,,
Low,104,LivLg,3,LL__7,./image/LL__7.jpg,25,50,switch,size,red,./image/color/red.jpg,v,,,
Low,105,NLvSm,37,NS__25,./image/NS__25.jpg,25,25,switch,animacy,blue,./image/color/blue.jpg,v,,,
Low,106,LivLg,3,LL__7,./image/LL__7.jpg,25,50,switch,size,red,./image/color/red.jpg,v,,,
Low,107,NLvSm,37,NS__25,./image/NS__25.jpg,25,25,repeat,size,red,./image/color/red.jpg,n,,,
Low,108,LivLg,3,LL__7,./image/LL__7.jpg,25,50,switch,animacy,blue,./image/color/blue.jpg,n,,,
Low,109,NLvSm,38,NS__55,./image/NS__55.jpg,25,50,switch,size,red,./image/color/red.jpg,n,,,
Low,110,NLvSm,38,NS__55,./image/NS__55.jpg,25,50,switch,animacy,blue,./image/color/blue.jpg,v,,,
Low,111,LivLg,3,LL__7,./image/LL__7.jpg,25,50,switch,size,red,./image/color/red.jpg,v,,,
Low,112,LivLg,3,LL__7,./image/LL__7.jpg,25,50,repeat,size,red,./image/color/red.jpg,v,,,
Low,113,NLvSm,37,NS__25,./image/NS__25.jpg,25,25,switch,animacy,blue,./image/color/blue.jpg,v,,,
Low,114,NLvSm,37,NS__25,./image/NS__25.jpg,25,25,switch,size,red,./image/color/red.jpg,n,,,
Low,115,LivLg,3,LL__7,./image/LL__7.jpg,25,50,switch,animacy,blue,./image/color/blue.jpg,n,,,
Low,116,NLvSm,39,NS__46,./image/NS__46.jpg,25,0,repeat,animacy,blue,./image/color/blue.jpg,v,,,
Low,117,NLvSm,37,NS__25,./image/NS__25.jpg,25,25,repeat,animacy,blue,./image/color/blue.jpg,v,,,
Low,118,NLvSm,39,NS__46,./image/NS__46.jpg,25,0,repeat,animacy,blue,./image/color/blue.jpg,v,,,
Low,119,LivLg,6,LL__23,./image/LL__23.jpg,25,25,repeat,animacy,blue,./image/color/blue.jpg,n,,,
Low,120,NLvSm,37,NS__25,./image/NS__25.jpg,25,25,switch,size,red,./image/color/red.jpg,n,,,
Low,121,NLvSm,37,NS__25,./image/NS__25.jpg,25,25,repeat,size,red,./image/color/red.jpg,n,,,
Low,122,LivLg,2,LL__37,./image/LL__37.jpg,25,0,repeat,size,red,./image/color/red.jpg,v,,,
Low,123,NLvSm,37,NS__25,./image/NS__25.jpg,25,25,switch,animacy,blue,./image/color/blue.jpg,v,,,
Low,124,LivLg,6,LL__23,./image/LL__23.jpg,25,25,switch,size,red,./image/color/red.jpg,v,,,
Low,125,LivLg,2,LL__37,./image/LL__37.jpg,25,0,repeat,size,red,./image/color/red.jpg,v,,,
Low,126,LivLg,3,LL__7,./image/LL__7.jpg,25,50,repeat,size,red,./image/color/red.jpg,v,,,
Low,127,NLvSm,38,NS__55,./image/NS__55.jpg,25,50,repeat,size,red,./image/color/red.jpg,n,,,
Low,128,LivLg,3,LL__7,./image/LL__7.jpg,25,50,repeat,size,red,./image/color/red.jpg,v,,,
Low,129,NLvSm,37,NS__25,./image/NS__25.jpg,25,25,repeat,size,red,./image/color/red.jpg,n,,,
Low,130,NLvSm,38,NS__55,./image/NS__55.jpg,25,50,switch,animacy,blue,./image/color/blue.jpg,v,,,
Low,131,NLvSm,37,NS__25,./image/NS__25.jpg,25,25,repeat,animacy,blue,./image/color/blue.jpg,v,,,
Low,132,NLvSm,39,NS__46,./image/NS__46.jpg,25,0,repeat,animacy,blue,./image/color/blue.jpg,v,,,
Low,133,LivLg,3,LL__7,./image/LL__7.jpg,25,50,repeat,animacy,blue,./image/color/blue.jpg,n,,,
Low,134,LivLg,6,LL__23,./image/LL__23.jpg,25,25,repeat,animacy,blue,./image/color/blue.jpg,n,,,
Low,135,LivLg,2,LL__37,./image/LL__37.jpg,25,0,repeat,animacy,blue,./image/color/blue.jpg,n,,,
Low,136,LivLg,2,LL__37,./image/LL__37.jpg,25,0,repeat,animacy,blue,./image/color/blue.jpg,n,,,
Low,137,NLvSm,39,NS__46,./image/NS__46.jpg,25,0,repeat,animacy,blue,./image/color/blue.jpg,v,,,
Low,138,LivLg,3,LL__7,./image/LL__7.jpg,25,50,repeat,animacy,blue,./image/color/blue.jpg,n,,,
Low,139,NLvSm,37,NS__25,./image/NS__25.jpg,25,25,repeat,animacy,blue,./image/color/blue.jpg,v,,,
Low,140,NLvSm,37,NS__25,./image/NS__25.jpg,25,25,repeat,animacy,blue,./image/color/blue.jpg,v,,,
Low,141,NLvSm,38,NS__55,./image/NS__55.jpg,25,50,repeat,animacy,blue,./image/color/blue.jpg,v,,,
Low,142,LivLg,2,LL__37,./image/LL__37.jpg,25,0,repeat,animacy,blue,./image/color/blue.jpg,n,,,
Low,143,LivLg,3,LL__7,./image/LL__7.jpg,25,50,switch,size,red,./image/color/red.jpg,v,,,
Low,144,LivLg,6,LL__23,./image/LL__23.jpg,25,25,repeat,size,red,./image/color/red.jpg,v,,,
Low,145,NLvSm,39,NS__46,./image/NS__46.jpg,25,0,repeat,size,red,./image/color/red.jpg,n,,,
Low,146,LivLg,2,LL__37,./image/LL__37.jpg,25,0,repeat,size,red,./image/color/red.jpg,v,,,
Low,147,NLvSm,37,NS__25,./image/NS__25.jpg,25,25,switch,animacy,blue,./image/color/blue.jpg,v,,,
Low,148,NLvSm,38,NS__55,./image/NS__55.jpg,25,50,repeat,animacy,blue,./image/color/blue.jpg,v,,,
Low,149,LivLg,6,LL__23,./image/LL__23.jpg,25,25,repeat,animacy,blue,./image/color/blue.jpg,n,,,
Low,150,NLvSm,37,NS__25,./image/NS__25.jpg,25,25,repeat,animacy,blue,./image/color/blue.jpg,v,,,
Low,151,NLvSm,37,NS__25,./image/NS__25.jpg,25,25,repeat,animacy,blue,./image/color/blue.jpg,v,,,
Low,152,NLvSm,37,NS__25,./image/NS__25.jpg,25,25,repeat,animacy,blue,./image/color/blue.jpg,v,,,
Low,153,LivLg,6,LL__23,./image/LL__23.jpg,25,25,repeat,animacy,blue,./image/color/blue.jpg,n,,,
Low,154,LivLg,2,LL__37,./image/LL__37.jpg,25,0,repeat,animacy,blue,./image/color/blue.jpg,n,,,
Low,155,LivLg,6,LL__23,./image/LL__23.jpg,25,25,repeat,animacy,blue,./image/color/blue.jpg,n,,,
Low,156,NLvSm,39,NS__46,./image/NS__46.jpg,25,0,repeat,animacy,blue,./image/color/blue.jpg,v,,,
Low,157,NLvSm,37,NS__25,./image/NS__25.jpg,25,25,repeat,animacy,blue,./image/color/blue.jpg,v,,,
Low,158,LivLg,2,LL__37,./image/LL__37.jpg,25,0,repeat,animacy,blue,./image/color/blue.jpg,n,,,
Low,159,LivLg,2,LL__37,./image/LL__37.jpg,25,0,repeat,animacy,blue,./image/color/blue.jpg,n,,,
Low,160,NLvSm,39,NS__46,./image/NS__46.jpg,25,0,repeat,animacy,blue,./image/color/blue.jpg,v,,,
Low,161,LivLg,6,LL__23,./image/LL__23.jpg,25,25,switch,size,red,./image/color/red.jpg,v,,,
Low,162,NLvSm,37,NS__25,./image/NS__25.jpg,25,25,switch,animacy,blue,./image/color/blue.jpg,v,,,
Low,163,LivLg,3,LL__7,./image/LL__7.jpg,25,50,switch,size,red,./image/color/red.jpg,v,,,
Low,164,LivLg,6,LL__23,./image/LL__23.jpg,25,25,repeat,size,red,./image/color/red.jpg,v,,,
Low,165,LivLg,6,LL__23,./image/LL__23.jpg,25,25,repeat,size,red,./image/color/red.jpg,v,,,
Low,166,LivLg,3,LL__7,./image/LL__7.jpg,25,50,switch,animacy,blue,./image/color/blue.jpg,n,,,
Low,167,NLvSm,38,NS__55,./image/NS__55.jpg,25,50,switch,size,red,./image/color/red.jpg,n,,,
Low,168,NLvSm,38,NS__55,./image/NS__55.jpg,25,50,repeat,size,red,./image/color/red.jpg,n,,,
Low,169,NLvSm,37,NS__25,./image/NS__25.jpg,25,25,repeat,size,red,./image/color/red.jpg,n,,,
Low,170,LivLg,3,LL__7,./image/LL__7.jpg,25,50,switch,animacy,blue,./image/color/blue.jpg,n,,,
Low,171,LivLg,2,LL__37,./image/LL__37.jpg,25,0,repeat,animacy,blue,./image/color/blue.jpg,n,,,
Low,172,NLvSm,38,NS__55,./image/NS__55.jpg,25,50,repeat,animacy,blue,./image/color/blue.jpg,v,,,
Low,173,LivLg,2,LL__37,./image/LL__37.jpg,25,0,repeat,animacy,blue,./image/color/blue.jpg,n,,,
Low,174,LivLg,6,LL__23,./image/LL__23.jpg,25,25,repeat,animacy,blue,./image/color/blue.jpg,n,,,
Low,175,LivLg,2,LL__37,./image/LL__37.jpg,25,0,repeat,animacy,blue,./image/color/blue.jpg,n,,,
Low,176,NLvSm,37,NS__25,./image/NS__25.jpg,25,25,repeat,animacy,blue,./image/color/blue.jpg,v,,,
Low,177,LivLg,6,LL__23,./image/LL__23.jpg,25,25,repeat,animacy,blue,./image/color/blue.jpg,n,,,
Low,178,NLvSm,38,NS__55,./image/NS__55.jpg,25,50,switch,size,red,./image/color/red.jpg,n,,,
Low,179,NLvSm,38,NS__55,./image/NS__55.jpg,25,50,repeat,size,red,./image/color/red.jpg,n,,,
Low,180,NLvSm,37,NS__25,./image/NS__25.jpg,25,25,repeat,size,red,./image/color/red.jpg,n,,,
Low,181,NLvSm,37,NS__25,./image/NS__25.jpg,25,25,repeat,size,red,./image/color/red.jpg,n,,,
Low,182,NLvSm,38,NS__55,./image/NS__55.jpg,25,50,repeat,size,red,./image/color/red.jpg,n,,,
Low,183,LivLg,3,LL__7,./image/LL__7.jpg,25,50,repeat,size,red,./image/color/red.jpg,v,,,
Low,184,LivLg,2,LL__37,./image/LL__37.jpg,25,0,repeat,size,red,./image/color/red.jpg,v,,,
Low,185,LivLg,6,LL__23,./image/LL__23.jpg,25,25,repeat,size,red,./image/color/red.jpg,v,,,
Low,186,LivLg,3,LL__7,./image/LL__7.jpg,25,50,repeat,size,red,./image/color/red.jpg,v,,,
Low,187,LivLg,6,LL__23,./image/LL__23.jpg,25,25,repeat,size,red,./image/color/red.jpg,v,,,
Low,188,LivLg,2,LL__37,./image/LL__37.jpg,25,0,repeat,size,red,./image/color/red.jpg,v,,,
Low,189,NLvSm,39,NS__46,./image/NS__46.jpg,25,0,repeat,size,red,./image/color/red.jpg,n,,,
Low,190,NLvSm,39,NS__46,./image/NS__46.jpg,25,0,repeat,size,red,./image/color/red.jpg,n,,,
Low,191,NLvSm,39,NS__46,./image/NS__46.jpg,25,0,repeat,size,red,./image/color/red.jpg,n,,,
Low,192,LivLg,3,LL__7,./image/LL__7.jpg,25,50,repeat,size,red,./image/color/red.jpg,v,,,
Low,193,NLvSm,38,NS__55,./image/NS__55.jpg,25,50,repeat,size,red,./image/color/red.jpg,n,,,
Low,194,LivLg,3,LL__7,./image/LL__7.jpg,25,50,repeat,size,red,./image/color/red.jpg,v,,,
Low,195,LivLg,3,LL__7,./image/LL__7.jpg,25,50,repeat,size,red,./image/color/red.jpg,v,,,
Low,196,NLvSm,38,NS__55,./image/NS__55.jpg,25,50,repeat,size,red,./image/color/red.jpg,n,,,
Low,197,NLvSm,39,NS__46,./image/NS__46.jpg,25,0,repeat,size,red,./image/color/red.jpg,n,,,
Low,198,LivLg,2,LL__37,./image/LL__37.jpg,25,0,repeat,size,red,./image/color/red.jpg,v,,,
Low,199,LivLg,2,LL__37,./image/LL__37.jpg,25,0,repeat,size,red,./image/color/red.jpg,v,,,
Low,200,NLvSm,37,NS__25,./image/NS__25.jpg,25,25,switch,animacy,blue,./image/color/blue.jpg,v,,,
Low,201,LivLg,2,LL__37,./image/LL__37.jpg,25,0,repeat,animacy,blue,./image/color/blue.jpg,n,,,
Low,202,NLvSm,37,NS__25,./image/NS__25.jpg,25,25,switch,size,red,./image/color/red.jpg,n,,,
Low,203,NLvSm,39,NS__46,./image/NS__46.jpg,25,0,repeat,size,red,./image/color/red.jpg,n,,,
Low,204,LivLg,6,LL__23,./image/LL__23.jpg,25,25,repeat,size,red,./image/color/red.jpg,v,,,
Low,205,LivLg,2,LL__37,./image/LL__37.jpg,25,0,repeat,size,red,./image/color/red.jpg,v,,,
Low,206,NLvSm,39,NS__46,./image/NS__46.jpg,25,0,repeat,size,red,./image/color/red.jpg,n,,,
Low,207,NLvSm,37,NS__25,./image/NS__25.jpg,25,25,repeat,size,red,./image/color/red.jpg,n,,,
Low,208,NLvSm,39,NS__46,./image/NS__46.jpg,25,0,repeat,size,red,./image/color/red.jpg,n,,,
Low,209,LivLg,3,LL__7,./image/LL__7.jpg,25,50,switch,animacy,blue,./image/color/blue.jpg,n,,,
Low,210,NLvSm,39,NS__46,./image/NS__46.jpg,25,0,repeat,animacy,blue,./image/color/blue.jpg,v,,,
Low,211,LivLg,2,LL__37,./image/LL__37.jpg,25,0,repeat,animacy,blue,./image/color/blue.jpg,n,,,
Low,212,NLvSm,37,NS__25,./image/NS__25.jpg,25,25,repeat,animacy,blue,./image/color/blue.jpg,v,,,
Low,213,NLvSm,38,NS__55,./image/NS__55.jpg,25,50,switch,size,red,./image/color/red.jpg,n,,,
Low,214,NLvSm,38,NS__55,./image/NS__55.jpg,25,50,switch,animacy,blue,./image/color/blue.jpg,v,,,
Low,215,LivLg,3,LL__7,./image/LL__7.jpg,25,50,switch,size,red,./image/color/red.jpg,v,,,
Low,216,NLvSm,37,NS__25,./image/NS__25.jpg,25,25,repeat,size,red,./image/color/red.jpg,n,,,
Low,217,NLvSm,37,NS__25,./image/NS__25.jpg,25,25,switch,animacy,blue,./image/color/blue.jpg,v,,,
Low,218,NLvSm,37,NS__25,./image/NS__25.jpg,25,25,repeat,animacy,blue,./image/color/blue.jpg,v,,,
Low,219,LivLg,6,LL__23,./image/LL__23.jpg,25,25,repeat,animacy,blue,./image/color/blue.jpg,n,,,
Low,220,NLvSm,37,NS__25,./image/NS__25.jpg,25,25,repeat,animacy,blue,./image/color/blue.jpg,v,,,
Low,221,LivLg,6,LL__23,./image/LL__23.jpg,25,25,repeat,animacy,blue,./image/color/blue.jpg,n,,,
Low,222,NLvSm,39,NS__46,./image/NS__46.jpg,25,0,repeat,animacy,blue,./image/color/blue.jpg,v,,,
Low,223,LivLg,6,LL__23,./image/LL__23.jpg,25,25,repeat,animacy,blue,./image/color/blue.jpg,n,,,
Low,224,LivLg,3,LL__7,./image/LL__7.jpg,25,50,repeat,animacy,blue,./image/color/blue.jpg,n,,,
Low,225,NLvSm,37,NS__25,./image/NS__25.jpg,25,25,repeat,animacy,blue,./image/color/blue.jpg,v,,,
Low,226,NLvSm,39,NS__46,./image/NS__46.jpg,25,0,repeat,animacy,blue,./image/color/blue.jpg,v,,,
Low,227,LivLg,3,LL__7,./image/LL__7.jpg,25,50,switch,size,red,./image/color/red.jpg,v,,,
Low,228,NLvSm,38,NS__55,./image/NS__55.jpg,25,50,repeat,size,red,./image/color/red.jpg,n,,,
Low,229,LivLg,2,LL__37,./image/LL__37.jpg,25,0,repeat,size,red,./image/color/red.jpg,v,,,
Low,230,NLvSm,39,NS__46,./image/NS__46.jpg,25,0,repeat,size,red,./image/color/red.jpg,n,,,
Low,231,NLvSm,38,NS__55,./image/NS__55.jpg,25,50,switch,animacy,blue,./image/color/blue.jpg,v,,,
Low,232,LivLg,6,LL__23,./image/LL__23.jpg,25,25,switch,size,red,./image/color/red.jpg,v,,,
Low,233,NLvSm,39,NS__46,./image/NS__46.jpg,25,0,repeat,size,red,./image/color/red.jpg,n,,,
Low,234,LivLg,3,LL__7,./image/LL__7.jpg,25,50,switch,animacy,blue,./image/color/blue.jpg,n,,,
Low,235,LivLg,2,LL__37,./image/LL__37.jpg,25,0,repeat,animacy,blue,./image/color/blue.jpg,n,,,
Low,236,NLvSm,38,NS__55,./image/NS__55.jpg,25,50,switch,size,red,./image/color/red.jpg,n,,,
Low,237,NLvSm,38,NS__55,./image/NS__55.jpg,25,50,repeat,size,red,./image/color/red.jpg,n,,,
Low,238,LivLg,6,LL__23,./image/LL__23.jpg,25,25,repeat,size,red,./image/color/red.jpg,v,,,
Low,239,NLvSm,37,NS__25,./image/NS__25.jpg,25,25,repeat,size,red,./image/color/red.jpg,n,,,
Low,240,NLvSm,38,NS__55,./image/NS__55.jpg,25,50,repeat,size,red,./image/color/red.jpg,n,,,
Low,241,LivLg,3,LL__7,./image/LL__7.jpg,25,50,switch,animacy,blue,./image/color/blue.jpg,n,,,
Low,242,LivLg,2,LL__37,./image/LL__37.jpg,25,0,repeat,animacy,blue,./image/color/blue.jpg,n,,,
Low,243,NLvSm,38,NS__55,./image/NS__55.jpg,25,50,switch,size,red,./image/color/red.jpg,n,,,
Low,244,LivLg,2,LL__37,./image/LL__37.jpg,25,0,repeat,size,red,./image/color/red.jpg,v,,,
Low,245,NLvSm,39,NS__46,./image/NS__46.jpg,25,0,repeat,size,red,./image/color/red.jpg,n,,,
Low,246,LivLg,6,LL__23,./image/LL__23.jpg,25,25,repeat,size,red,./image/color/red.jpg,v,,,
Low,247,LivLg,3,LL__7,./image/LL__7.jpg,25,50,switch,animacy,blue,./image/color/blue.jpg,n,,,
Low,248,LivLg,3,LL__7,./image/LL__7.jpg,25,50,repeat,animacy,blue,./image/color/blue.jpg,n,,,
Low,249,NLvSm,39,NS__46,./image/NS__46.jpg,25,0,repeat,animacy,blue,./image/color/blue.jpg,v,,,
Low,250,LivLg,6,LL__23,./image/LL__23.jpg,25,25,repeat,animacy,blue,./image/color/blue.jpg,n,,,
Low,251,LivLg,2,LL__37,./image/LL__37.jpg,25,0,repeat,animacy,blue,./image/color/blue.jpg,n,,,
Low,252,NLvSm,38,NS__55,./image/NS__55.jpg,25,50,switch,size,red,./image/color/red.jpg,n,,,
Low,253,NLvSm,39,NS__46,./image/NS__46.jpg,25,0,repeat,size,red,./image/color/red.jpg,n,,,
Low,254,NLvSm,39,NS__46,./image/NS__46.jpg,25,0,repeat,size,red,./image/color/red.jpg,n,,,
Low,255,NLvSm,39,NS__46,./image/NS__46.jpg,25,0,repeat,size,red,./image/color/red.jpg,n,,,
Low,256,NLvSm,39,NS__46,./image/NS__46.jpg,25,0,repeat,size,red,./image/color/red.jpg,n,,,
Low,257,LivLg,3,LL__7,./image/LL__7.jpg,25,50,switch,animacy,blue,./image/color/blue.jpg,n,,,
Low,258,LivLg,6,LL__23,./image/LL__23.jpg,25,25,repeat,animacy,blue,./image/color/blue.jpg,n,,,
Low,259,NLvSm,38,NS__55,./image/NS__55.jpg,25,50,repeat,animacy,blue,./image/color/blue.jpg,v,,,
Low,260,LivLg,3,LL__7,./image/LL__7.jpg,25,50,switch,size,red,./image/color/red.jpg,v,,,
Low,261,LivLg,2,LL__37,./image/LL__37.jpg,25,0,repeat,size,red,./image/color/red.jpg,v,,,
Low,262,LivLg,6,LL__23,./image/LL__23.jpg,25,25,repeat,size,red,./image/color/red.jpg,v,,,
Low,263,NLvSm,39,NS__46,./image/NS__46.jpg,25,0,repeat,size,red,./image/color/red.jpg,n,,,
Low,264,LivLg,6,LL__23,./image/LL__23.jpg,25,25,repeat,size,red,./image/color/red.jpg,v,,,
Low,265,LivLg,3,LL__7,./image/LL__7.jpg,25,50,repeat,size,red,./image/color/red.jpg,v,,,
Low,266,LivLg,3,LL__7,./image/LL__7.jpg,25,50,repeat,size,red,./image/color/red.jpg,v,,,
Low,267,LivLg,2,LL__37,./image/LL__37.jpg,25,0,repeat,size,red,./image/color/red.jpg,v,,,
Low,268,LivLg,2,LL__37,./image/LL__37.jpg,25,0,repeat,size,red,./image/color/red.jpg,v,,,
Low,269,LivLg,6,LL__23,./image/LL__23.jpg,25,25,switch,animacy,blue,./image/color/blue.jpg,n,,,
Low,270,NLvSm,39,NS__46,./image/NS__46.jpg,25,0,repeat,animacy,blue,./image/color/blue.jpg,v,,,
Low,271,LivLg,6,LL__23,./image/LL__23.jpg,25,25,switch,size,red,./image/color/red.jpg,v,,,
Low,272,NLvSm,38,NS__55,./image/NS__55.jpg,25,50,repeat,size,red,./image/color/red.jpg,n,,,
Low,273,LivLg,3,LL__7,./image/LL__7.jpg,25,50,repeat,size,red,./image/color/red.jpg,v,,,
Low,274,LivLg,6,LL__23,./image/LL__23.jpg,25,25,repeat,size,red,./image/color/red.jpg,v,,,
Low,275,LivLg,6,LL__23,./image/LL__23.jpg,25,25,repeat,size,red,./image/color/red.jpg,v,,,
Low,276,NLvSm,39,NS__46,./image/NS__46.jpg,25,0,repeat,size,red,./image/color/red.jpg,n,,,
Low,277,NLvSm,37,NS__25,./image/NS__25.jpg,25,25,repeat,size,red,./image/color/red.jpg,n,,,
Low,278,NLvSm,39,NS__46,./image/NS__46.jpg,25,0,repeat,size,red,./image/color/red.jpg,n,,,
Low,279,LivLg,6,LL__23,./image/LL__23.jpg,25,25,repeat,size,red,./image/color/red.jpg,v,,,
Low,280,LivLg,6,LL__23,./image/LL__23.jpg,25,25,switch,animacy,blue,./image/color/blue.jpg,n,,,
Low,281,NLvSm,38,NS__55,./image/NS__55.jpg,25,50,repeat,animacy,blue,./image/color/blue.jpg,v,,,
Low,282,LivLg,6,LL__23,./image/LL__23.jpg,25,25,repeat,animacy,blue,./image/color/blue.jpg,n,,,
Low,283,LivLg,2,LL__37,./image/LL__37.jpg,25,0,repeat,animacy,blue,./image/color/blue.jpg,n,,,
Low,284,NLvSm,37,NS__25,./image/NS__25.jpg,25,25,repeat,animacy,blue,./image/color/blue.jpg,v,,,
Low,285,LivLg,6,LL__23,./image/LL__23.jpg,25,25,switch,size,red,./image/color/red.jpg,v,,,
Low,286,NLvSm,39,NS__46,./image/NS__46.jpg,25,0,repeat,size,red,./image/color/red.jpg,n,,,
Low,287,LivLg,3,LL__7,./image/LL__7.jpg,25,50,switch,animacy,blue,./image/color/blue.jpg,n,,,
Low,288,NLvSm,39,NS__46,./image/NS__46.jpg,25,0,repeat,animacy,blue,./image/color/blue.jpg,v,,,
